,A,B,C,D
2000-01-01,-0.32614089370071975,-0.21331382682862704,-0.46510825586706545,-2.0443174892401976
2000-01-02,0.652978485839458,0.48773295128875266,-0.1817953887611078,-1.321776076962196
2000-01-03,0.11179457640508317,0.5087546388730227,-0.009013757411202833,-0.9185131361913251
2000-01-04,0.9446206718554438,0.9043994172729952,0.29824788237171784,-1.4951760895228408
2000-01-05,0.5740474616252087,0.42050544027565323,0.869403042826337,-2.8989033238305284
2000-01-06,0.6618102839507832,-0.6115017823164597,-2.6430432738015606,-3.3884953299752545
2000-01-07,0.08864033427533324,-0.11964980403731823,-3.2586753097691825,-3.9712732718895207
2000-01-08,0.03827741180247017,0.15203053117046855,-3.325662391189783,-3.3047034263337847
2000-01-09,0.17169993103937747,1.7717232219054404,-1.8167067764463363,-2.710846363604045
2000-01-10,1.5580370874415,2.6779423343254782,-1.8042591277887312,-2.8440424297242086
2000-01-11,1.2906633151589681,3.765428638784437,-1.3766643671226892,-2.6259327722712413
2000-01-12,0.26742576975315546,5.640058926963857,-1.9783049137989162,-2.9116113468454756
2000-01-13,0.03077315448846271,5.590632278033399,-2.962347153224419,-4.266829297470482
2000-01-14,-0.34328170706281613,6.1679018636603455,-2.8744360298442957,-4.279410212929189
2000-01-15,-0.5375306308525407,4.910964334295281,-3.7971362597486307,-4.976437560058352
2000-01-16,0.02604511391189801,6.659905571469602,-4.204695570194325,-5.068980569942509
2000-01-17,-0.6241057995023427,6.578903420710175,-4.9750835233724,-4.433075317576105
2000-01-18,-0.45857187221112095,5.105682483287861,-4.103440033605401,-2.696309411805827
2000-01-19,-0.3815399823651474,4.5477345287267665,-3.096829365935794,-3.5104701999878394
2000-01-20,-1.0215262710755058,2.6578465430853244,-2.503837380747371,-3.4899768136184464
2000-01-21,-0.4249836351873161,3.083649791170229,-3.3007853142519967,-2.50888954673195
2000-01-22,-1.0035858365138848,2.507055190369404,-3.9147502338152487,-3.335827160672876
2000-01-23,-2.1320582665422854,3.9865663459161533,-3.6162900677741696,-3.280325973326821
2000-01-24,-2.2935408493266634,5.09184800923161,-4.539402632154042,-2.747960313673363
2000-01-25,-1.8215466767520772,4.943790158990325,-4.388706000527007,-1.3777287197599557
2000-01-26,-3.058784832711642,3.6715367261121123,-3.2112608284591424,-2.3069593794495336
2000-01-27,-4.2428577918113,3.2714430823571274,-2.271282395349205,-1.4658919179936636
2000-01-28,-4.581999374533502,5.440513648931104,-1.9138972004992376,-1.7990581778099517
2000-01-29,-4.757583857795387,4.604516948461392,-2.238885626558894,-2.601848210631774
2000-01-30,-5.563649716265382,4.26074950205353,-1.0741589239653149,-0.9483658735921956
2000-01-31,-6.968558564596394,4.29626217917844,0.35427593816656033,-0.7268201448063537
2000-02-01,-5.3365983414014835,3.4061106400610184,1.07305680189308,-0.8249303246441151
2000-02-02,-5.1128222544583295,3.2460749178759536,0.8944568998768592,1.843213163406176
2000-02-03,-6.3482946015274955,2.7327775067995175,0.00403605338745705,1.235935292400899
2000-02-04,-6.1579960518741075,1.9177855961308379,-0.32565140029932843,2.3609825412550998
2000-02-05,-6.9087877988797,0.3034076803970023,-0.6942797432511219,1.641852493690748
2000-02-06,-7.171641833026471,0.5180296360072938,-1.0100612080428497,2.2612527216425407
2000-02-07,-7.327019380866553,-0.39536084272990324,-1.31092119254457,1.9970498168416064
2000-02-08,-6.940113361398093,-0.5917612404515049,-0.13349794596530784,2.6198583186734523
2000-02-09,-7.88730613456072,-1.499096296867479,-0.642386488276156,1.7933084570810873
2000-02-10,-7.293667612492786,-2.1999063982165037,-0.5487000044814245,-0.19378042406251672
2000-02-11,-8.069707668100232,-2.339783752771879,-0.7601140587077571,-2.114334077271838
2000-02-12,-8.849592943395772,-2.136516088972175,-0.4176213089288185,-2.5099975012131703
2000-02-13,-9.803841298126983,-1.708291768034119,0.5081511920838868,-0.22082574975536895
2000-02-14,-11.19576591877771,-1.5409349672884973,1.4280285215415591,0.8956300915694897
2000-02-15,-9.621201693003501,-2.3776508667758915,0.3059190720377667,0.3668229447610042
2000-02-16,-11.021983029152892,-3.357500401530463,-0.3467739311198066,0.7395224668095594
2000-02-17,-11.058990621163165,-3.010958075827027,0.8176971400973714,1.4564410968348023
2000-02-18,-12.340269236063067,-2.887280975086048,0.7353439394580928,1.6307061688783704
2000-02-19,-10.453051455812059,-2.7873002357543255,2.218908230938299,2.870363227741835
2000-02-20,-9.929929991717689,-2.1742473614602758,0.7347346512642252,2.5561614804397585
2000-02-21,-9.940421516289078,-0.1836608818164147,1.083422000183701,2.4002384820369516
2000-02-22,-8.951703603968227,-1.041770262073216,1.4642429953365124,2.5413459719753493
2000-02-23,-8.761686419289575,-2.8695569584137424,1.1778765956808872,3.06743936795258
2000-02-24,-7.816389261669158,-3.146765556980638,0.021529886349457295,3.243993891674859
2000-02-25,-8.710179842248964,-4.267090065630929,0.674090907336176,3.4711753123815017
2000-02-26,-8.52390319163261,-3.7977206513707435,-0.8226710706544522,4.201215319759387
2000-02-27,-9.582034311917772,-3.5017984506052793,0.44814607866971934,6.045919779384096
2000-02-28,-9.443093039572691,-2.5756212312622173,-0.917951924067214,5.488352398280753
2000-02-29,-9.128948520306757,-1.5844681100223506,-0.7806577061638766,4.386544878857677
2000-03-01,-9.633616262386598,-2.226897980295604,-0.36091151297856455,4.827447855984238
2000-03-02,-11.557825966735983,-2.7899639901302877,-0.17794970717360437,4.627001010338763
2000-03-03,-12.133767023517851,-3.3988272462230062,-1.7875197516249588,4.278538395624189
2000-03-04,-11.795193420882978,-3.3051262919945956,-0.41934030505229525,5.399802828706759
2000-03-05,-13.607742102963709,-4.122744580966569,1.5263891027419398,6.735619820739951
2000-03-06,-11.04759131110828,-5.793043995374079,1.8379569551684336,7.210526921499544
2000-03-07,-9.949885612408417,-4.017990640045737,3.045549653847104,7.07591548190916
2000-03-08,-9.019972893901313,-4.574612863038035,0.14733455879948654,7.1463018576111255
2000-03-09,-7.940199634762339,-5.849009288538875,-0.9703608838334035,7.063342487229897
2000-03-10,-8.730607298295789,-6.802110540945834,-0.7810419802611027,8.073166006839468
2000-03-11,-8.459657167814425,-7.326150501146241,0.757910091531088,10.165742175776721
2000-03-12,-7.896618618137449,-9.04058780500387,-0.9896208126094216,11.836491419508597
2000-03-13,-5.687533259565347,-8.808602074550102,-2.578441802628766,11.53123007058388
2000-03-14,-5.785629417302583,-9.539140005576684,-2.4702294910110396,11.314630404741374
2000-03-15,-4.044295546464765,-9.7345078543201,-1.4099296778116008,12.53084349320681
2000-03-16,-2.9228401030358704,-9.51826727692935,-0.5568154342208753,15.27535684080274
2000-03-17,-2.3229206312696373,-11.363971410032233,0.3689381979688193,14.611601722821813
2000-03-18,-1.0772897832626296,-12.333782038258905,3.1395659204002104,13.633431287500434
2000-03-19,-1.8947000222178565,-13.720479345126021,2.9304806605223033,13.327731464343977
2000-03-20,-2.5026819955471393,-14.864432387519013,3.4992454987856303,11.477312010694899
2000-03-21,-1.6598740202459297,-14.07065642780126,3.2176314773952264,12.02421212143132
2000-03-22,-2.0586801287473704,-12.670427663470019,2.9342675337709894,12.775606384115154
2000-03-23,-1.2125842498446113,-12.87391935537785,2.8871988938400572,12.90306731829517
2000-03-24,0.07334083868428265,-11.781781965860183,3.3680438748172437,13.544843457984047
2000-03-25,-0.1802813110832216,-11.97614942450404,3.971622378713905,12.293742266405449
2000-03-26,0.548072155611852,-12.7099174136183,4.5311216131806535,14.216061867381
2000-03-27,-0.5619252327693689,-12.735995123445152,6.732840886752243,14.853093633648507
2000-03-28,1.0468219044293041,-11.66364651801323,5.525059449946653,13.946344753108676
2000-03-29,1.1919454714393178,-10.693125985153594,4.507303054526277,15.017140554707678
2000-03-30,2.191217626239524,-13.353614863456759,4.984341389243264,17.064005861252504
2000-03-31,2.479798693151663,-15.884630801298574,5.696702608646948,16.86683488136198
2000-04-01,1.5474456522688644,-18.181379024658412,6.62373582822035,17.527341433268106
2000-04-02,1.6306052920662344,-18.270405744652884,6.897242133106056,18.358859793408783
2000-04-03,0.7067016238973745,-16.947210835647805,6.43072240145263,19.074025357737085
2000-04-04,0.7388533320834657,-17.092121608951988,8.599750847888265,18.584395472933913
2000-04-05,-0.6296207124238041,-19.111298495000355,7.869987689973488,17.952547801081035
2000-04-06,-0.5532656308248223,-20.230241879261214,6.188002202968411,16.602157932757468
2000-04-07,-1.411122109733709,-20.419397230616,5.838526592628739,16.70742949894618
2000-04-08,-2.5276095595929893,-20.321796370706746,4.615747769378272,16.65265074639956
2000-04-09,-4.049802779901484,-19.7742335674248,3.8910520482058297,15.653917269796853
2000-04-10,-3.988546400674581,-20.799968824603965,1.9412340034262818,15.894955323006311
2000-04-11,-4.521200856123835,-22.539155221811235,1.3882231520590227,16.039965338632395
2000-04-12,-5.620232178157489,-22.143792349092056,1.894014317151585,15.03354279696849
2000-04-13,-6.677631595460823,-22.16851161193395,0.4233935367345114,16.309039897191358
2000-04-14,-6.467716102386471,-20.226915517027095,0.4181912438793605,15.52053580721639
2000-04-15,-7.093028230211515,-20.80157790747925,1.7615096862422275,15.742272407103492
2000-04-16,-8.022297109745237,-20.82775286999861,0.8003118187056961,15.182169035526005
2000-04-17,-6.319517278734688,-19.99512428551027,1.0414635507104661,15.74858658100975
2000-04-18,-7.8138499512253,-19.612161579536163,1.445502542041849,15.331129670452752
2000-04-19,-8.535857288358596,-18.45312668130101,2.5973123212854596,14.165336925186397
2000-04-20,-6.235318943166446,-19.80136520936839,1.6802327949829217,14.334083156451667
2000-04-21,-7.37758405358314,-19.874345481988698,1.2285168621220282,13.760226228967733
2000-04-22,-6.53933538622144,-20.472476994650126,1.3731908808124513,13.423875222440401
2000-04-23,-8.907540339273542,-21.246538831532362,-1.0414953673620737,13.253605650886394
2000-04-24,-8.832099377202162,-20.868197259197665,-0.2911063530190219,14.300210613083577
2000-04-25,-10.987894668567249,-21.292207544304706,0.3221659610114369,14.220636088900076
2000-04-26,-10.515484030371429,-19.865308616177945,0.08961557513965471,15.176152650563331
2000-04-27,-11.062486598314592,-19.978426877761862,-0.6916029436017491,15.58154213636864
2000-04-28,-10.136075456147328,-18.395569650659088,-0.9098159214061862,15.338875027972385
2000-04-29,-10.830785258811865,-19.23452488528161,-0.749813630482575,14.965502893674431
2000-04-30,-10.90481283870849,-18.661994807585838,-1.0514420912349647,15.922290054182909
2000-05-01,-8.811489550096617,-18.912329578175235,-0.47128279943607343,16.988524289749957
2000-05-02,-7.991355716284495,-19.103836078936087,0.7422283990545223,14.446235705037065
2000-05-03,-8.992697550983422,-19.35515859660919,0.26911668092388596,15.514892142177064
2000-05-04,-9.337484723483449,-20.316905648646244,0.1719673307258906,16.677205363811275
2000-05-05,-8.186268567797422,-19.88107480211276,0.28084111386471866,16.80680410907646
2000-05-06,-7.6058547648726424,-19.10741473060753,0.3993111202032094,16.372797980790793
2000-05-07,-7.565515796572343,-18.394139584922623,-0.6534626233355114,16.69969889451411
2000-05-08,-6.932770686176678,-17.820798510070585,-2.519561380375935,14.178999257890872
2000-05-09,-6.569865676286413,-19.41042987149044,-2.5778999524491635,14.107105466291902
2000-05-10,-4.251601101023757,-17.320127567957854,-4.386534537056198,13.199085645444525
2000-05-11,-5.121279806828516,-17.337218985796383,-5.090487729632693,12.099800456491762
2000-05-12,-4.766539249533654,-16.949185648571536,-4.562760480314118,13.319187365787567
2000-05-13,-4.994390488431102,-17.38195963483029,-4.450459245937315,13.967360586889388
2000-05-14,-4.940697336756361,-17.975646317486877,-4.296983492989254,13.134011101865548
2000-05-15,-5.357858540018241,-16.673786642191708,-4.780220980904067,13.717015957974626
2000-05-16,-6.203334896720563,-15.917764627419341,-6.214167771217686,14.626512671121764
2000-05-17,-7.4454703431053595,-16.24384474128354,-6.111929037584208,14.965504674963576
2000-05-18,-7.4380807459329885,-17.18944725003529,-6.957907209834982,14.364156875071009
2000-05-19,-8.301557324735384,-16.965386459112644,-8.640362388445844,14.194311421870667
2000-05-20,-7.702223068612497,-15.089969988987693,-8.186841116565049,15.34645451085534
2000-05-21,-8.1290185533065,-15.655942846585742,-7.743375467519654,13.815817145829351
2000-05-22,-8.118612126687408,-16.347326219952837,-7.626656850415368,14.358979644788823
2000-05-23,-8.705689746358832,-17.2262317663432,-7.478307189832675,14.502201893511783
2000-05-24,-8.525788382415607,-17.261106457697096,-7.988767680898369,15.080687174580655
2000-05-25,-8.33519288562551,-17.588562671625414,-9.156324577484492,15.294917668829342
2000-05-26,-9.760711178076841,-15.307794555479733,-8.463768878361625,16.60265644494953
2000-05-27,-9.958149597965429,-16.284361677906308,-9.477902514547651,16.077191153720385
2000-05-28,-10.652691856470348,-17.018598869583563,-9.765697859804915,15.571915197296413
2000-05-29,-10.900313578327383,-18.186541994089865,-10.186123531581805,14.943593421112539
2000-05-30,-9.40003447391889,-18.62451907531746,-10.035702880085466,16.322679979444025
2000-05-31,-7.963971287855242,-19.140219014675935,-11.241451540803281,15.83839006236204
2000-06-01,-7.091419786956928,-17.948171897427986,-11.354874304975562,15.284167081872502
2000-06-02,-6.408411149785612,-17.512909522706593,-12.297978571471464,13.34953712334774
2000-06-03,-5.701695220318749,-18.925373294978378,-11.924246112485454,13.027976742501975
2000-06-04,-4.01470112745676,-16.318439203313396,-10.387636086501107,12.950657493735527
2000-06-05,-5.2366990700861455,-15.735335246082812,-10.265898585480574,12.576677657183994
2000-06-06,-6.553883739602163,-16.57391512459031,-11.469012885455038,12.143112948914794
2000-06-07,-6.935553187194781,-15.367396361393597,-8.834749301884706,11.257072478405219
2000-06-08,-6.265124040488173,-16.096196771322422,-8.824599495598317,10.130192252284179
2000-06-09,-6.374241094976739,-15.171424196560567,-9.749634844662022,8.646884841235979
2000-06-10,-6.425044841317737,-13.699662588978228,-11.580910631915415,10.547584168132351
2000-06-11,-5.721653700416587,-14.056673521535924,-9.131749273433213,10.917146728598357
2000-06-12,-5.332846275990685,-13.697253889983262,-9.688425346493341,10.6447917059723
2000-06-13,-5.972841877753292,-15.634238520007608,-8.697005288376053,11.060528330127015
2000-06-14,-5.82514393445019,-16.01270277746498,-8.486900473787163,11.1318371468011
2000-06-15,-6.327845178867046,-16.098910011188146,-8.474608108806864,10.947824500701097
2000-06-16,-4.985458600415567,-15.005865723790434,-7.215874581385162,11.417952908390014
2000-06-17,-4.760409469128211,-16.20640681761362,-8.44687333718964,10.413917306280606
2000-06-18,-5.575673490971306,-15.466163562064821,-8.014175859467898,10.060801228637501
2000-06-19,-7.0871760957879,-15.060517655485409,-8.089515846343076,9.05646453586647
2000-06-20,-7.844244683046494,-14.974982850801217,-8.86051421555671,10.19320440738622
2000-06-21,-6.617429189853847,-14.22695440459081,-10.429229659672913,11.798281808071893
2000-06-22,-5.183916219646687,-14.51848815267898,-11.090395174693013,10.945531000517537
2000-06-23,-5.250763342042727,-13.74975575450295,-10.519286351243395,11.73778300621476
2000-06-24,-5.687815049835791,-13.967157546635093,-10.9817630183999,11.276391605310057
2000-06-25,-5.597329982835922,-14.438797514522818,-12.036237943911171,10.951829081591416
2000-06-26,-6.8161619035885455,-14.298408493389763,-13.050584007473494,10.569719739672024
2000-06-27,-7.41664526989748,-14.206504322545978,-12.086792100079197,10.748671668950937
2000-06-28,-7.624505309619671,-14.768136371878692,-12.109781800609875,10.693257398102944
2000-06-29,-8.034599636173496,-14.066069386448591,-11.455320845534052,8.234455013675936
2000-06-30,-7.701559190738378,-13.236013218284752,-11.261033624111876,7.618386066874961
2000-07-01,-8.449576633288618,-12.612855310367795,-11.781397589848133,7.583075809671769
2000-07-02,-10.417416145049023,-14.148362096589262,-10.823870815924675,7.154920860006354
2000-07-03,-9.798943626923842,-14.670998901517812,-10.957927217456467,7.706502870292041
2000-07-04,-8.889899783343926,-15.885420830351146,-10.291866105924766,7.689955949813362
2000-07-05,-11.701476960141589,-15.924833282293298,-10.018854845226201,9.300934946210898
2000-07-06,-11.373436422119816,-16.93458915985093,-10.419465369533093,8.710750988918113
2000-07-07,-11.92114106044689,-16.48737497970732,-10.59322727147736,8.132153514921189
2000-07-08,-11.16834846971232,-16.175817080817545,-10.702516463420325,7.839621976979006
2000-07-09,-12.196450801116313,-14.153867505937724,-11.323042885064957,6.236956977394987
2000-07-10,-11.766649291851945,-14.842659133308844,-10.424239879625077,6.3512488723860425
2000-07-11,-13.200859145627009,-14.265307667033296,-10.694850822971068,4.987665092384131
2000-07-12,-13.660911370693357,-13.831305317231033,-11.221888405409198,4.6689776668495515
2000-07-13,-12.454755668498919,-15.095452993637512,-12.744714122373288,3.2387709359438985
2000-07-14,-11.720581299030446,-15.17054953977904,-13.67730556188763,3.1422540524178864
2000-07-15,-12.268771748192266,-14.076210041635305,-13.329946400893997,4.510122285624331
2000-07-16,-12.526987401340904,-13.024009671534799,-13.962792098627713,5.2735579202603216
2000-07-17,-12.383594607383136,-13.559352125129298,-12.181930571850046,4.036202938362259
2000-07-18,-10.400026608645176,-15.431965395333851,-14.268040297019736,2.019394638232442
2000-07-19,-10.567512246923313,-15.472538307039532,-13.731755360850576,2.890541345819992
2000-07-20,-8.475507631042273,-15.820339837218409,-14.076133469775634,1.8893505715238519
2000-07-21,-7.374869706171428,-15.029096921273252,-15.255320322598541,1.9725771105058307
2000-07-22,-7.264517488757852,-15.509082214579406,-15.765610305715983,0.969349896663253
2000-07-23,-7.391055930687071,-15.344658614256154,-16.49087087052553,0.5291435662712098
2000-07-24,-7.713445637251755,-15.854143046539889,-17.317025950369686,1.4076323465575038
2000-07-25,-6.522384047763556,-15.586657130804813,-14.554568199623237,1.2205543278002378
2000-07-26,-8.074840200254759,-16.243093838022983,-13.709799605697306,1.5660003908721627
2000-07-27,-8.768463981632758,-18.00470003442821,-15.913800899824876,1.7551727037123213
2000-07-28,-10.502371537871042,-17.099824124704032,-14.359730327247267,2.484526028101786
2000-07-29,-11.463720298783437,-17.697779615058632,-15.710713021154143,3.678411002083571
2000-07-30,-12.878850641674205,-18.772218830266944,-16.375384652122452,3.1093775134405925
2000-07-31,-12.864210961738207,-20.38363418580687,-17.42669970574204,2.150361901188586
2000-08-01,-12.256753485891037,-19.685082217070743,-16.793210074410034,2.7305489934804057
2000-08-02,-13.73672457045024,-18.951865300912704,-18.264262215580224,2.422933744624187
2000-08-03,-14.121801985778502,-19.89914512974099,-16.808428581617157,2.121394625417573
2000-08-04,-14.87988903625028,-19.833515751062773,-17.187724787342386,1.1420870055488703
2000-08-05,-12.738146803691794,-19.539681214890393,-17.546170928581187,1.4405225222995195
2000-08-06,-13.032815440846266,-20.617648250278084,-18.539783754450383,2.007345430270853
2000-08-07,-12.471753625768063,-21.53835444096607,-17.976424361500538,0.20505582893283258
2000-08-08,-12.864791930980548,-21.22507474642768,-17.458990196542445,-1.8975342647785267
2000-08-09,-13.308374526856664,-20.34280899172839,-18.26510262574174,-1.5388486933096217
2000-08-10,-11.561216871865065,-22.371325441386276,-19.198450366333077,-0.6831207424979082
2000-08-11,-11.859554207697238,-23.00284474606418,-19.746850491593083,-0.1825621084230521
2000-08-12,-11.848300501492552,-23.68669690721018,-20.059459896543235,1.4411051640054993
2000-08-13,-11.72921578316521,-24.026627734698494,-19.6796232333702,1.3341915789332814
2000-08-14,-11.646700960242955,-24.798142682918535,-20.750705751526898,1.3721577526981346
2000-08-15,-10.754490734788275,-25.82865866609454,-22.163504889931943,1.4600472917384932
2000-08-16,-10.717177957734716,-25.426284690199715,-23.383181051614923,1.019125685991406
2000-08-17,-11.420381695319898,-23.730349366830822,-23.768335487448862,3.22639226646396
2000-08-18,-10.869561525860878,-22.72911217178921,-24.166353590426095,3.225169978421849
2000-08-19,-11.526183722245312,-21.71744156689264,-24.502908725771285,4.207580525799415
2000-08-20,-11.765388576602135,-23.38120697843308,-24.673506815359755,3.950378581204624
2000-08-21,-13.163010149042238,-23.407119744874393,-23.77735372007569,5.018665471751476
2000-08-22,-13.428528695032758,-22.816162871837033,-24.979898060491244,5.868078598485159
2000-08-23,-14.969306565061231,-24.59821108479637,-23.486149234316873,7.4200239180033085
2000-08-24,-15.695404473657746,-23.59137335243291,-22.696869608263444,8.49225565328877
2000-08-25,-14.843108841982174,-24.14278362146989,-23.188788898172653,9.533746515596587
2000-08-26,-15.395260972518734,-23.81132348073323,-22.40650067855124,11.096726793308912
2000-08-27,-14.068001078627463,-23.22876647025597,-22.218352860562277,11.316963291710932
2000-08-28,-14.198761337245262,-22.905419532319208,-20.60963231689662,10.817316726041616
2000-08-29,-14.828252897325205,-22.721771430553833,-19.612976113112055,11.50603100727962
2000-08-30,-15.491282517315474,-23.605116625054375,-19.195785004374272,10.264392286888993
2000-08-31,-14.985461119236247,-23.435815370944763,-18.556250104264738,11.131384881610934
2000-09-01,-16.483564362737273,-24.496298949549963,-21.312749585732522,11.019326533074883
2000-09-02,-15.2234216881828,-24.440944577752283,-20.621178712863053,12.271768878087302
2000-09-03,-14.508771175994537,-22.43068568988946,-20.498182345910813,12.060694026021398
2000-09-04,-13.150805137898578,-23.610785262600487,-19.21961148197696,11.342465860318791
2000-09-05,-12.105872653799395,-22.76368759018377,-20.276479281456012,11.511065473428664
2000-09-06,-12.623496623690443,-21.933170773395915,-19.630115111213293,12.879505501810403
2000-09-07,-12.248576470423883,-23.43131665619141,-19.45511433716898,12.382964543598696
2000-09-08,-12.557741244027646,-22.716608888172985,-18.50152733667058,12.844697164494397
2000-09-09,-12.497447951989614,-23.232845526491037,-17.674479951797284,12.294362932511133
2000-09-10,-12.732049582729138,-23.670760934365024,-17.983704352680906,12.890985178843257
2000-09-11,-13.004659777242056,-24.448156537068993,-19.551652929424908,12.191008818169779
2000-09-12,-13.150676857133215,-23.735603437293044,-20.76782341915972,12.127153186293526
2000-09-13,-11.402211773795413,-22.307260718827365,-18.59563974953287,12.631420314877834
2000-09-14,-11.877022785718927,-22.412327844181767,-20.1168085643575,13.552357217051865
2000-09-15,-10.987614734879992,-21.73015554379672,-21.730271674125763,15.496747006993171
2000-09-16,-10.289985083951134,-22.85950545910278,-20.2089337887983,16.70078340694399
2000-09-17,-10.12663819626608,-21.993883977826197,-18.824487074551506,17.413361799939686
2000-09-18,-11.293203694824667,-21.23804889424944,-18.15357852212363,16.610221445507968
2000-09-19,-10.811213781218255,-20.808877198848364,-16.229778790522158,18.622779300229347
2000-09-20,-9.464357646466075,-18.922520965778507,-16.841398613463987,17.96018771372388
2000-09-21,-8.532796204002254,-18.342529367603856,-16.804464106444645,15.789866378779193
2000-09-22,-7.727994568894354,-19.28294860452114,-16.65756110309125,15.985565552792814
2000-09-23,-7.716494132222704,-18.884771148273945,-16.37035390895114,16.045767641686844
2000-09-24,-7.521859277455382,-19.197963441266822,-15.881378935741495,15.762562794431691
2000-09-25,-7.8467471200876275,-20.615482429127635,-16.705685270244544,15.05071864602303
2000-09-26,-7.2795367888010185,-20.212094306689785,-16.597810256922795,15.404799895642936
2000-09-27,-6.191150095987815,-21.725067537835095,-16.156849976967177,15.719687445813033
2000-09-28,-5.805293086816471,-23.858210067166212,-17.937581062600483,15.061071482418575
2000-09-29,-5.028338127272161,-23.70382903000652,-18.551707559203443,15.507858286642307
2000-09-30,-6.546897355947975,-24.060441718347903,-18.483253305405157,17.507353480432272
2000-10-01,-7.001001496252184,-24.291556972475416,-19.758181478425552,17.534202100090887
2000-10-02,-7.559855796884628,-24.28632649026011,-19.738095313537652,19.362642401702697
2000-10-03,-7.0787436900845755,-23.362493982525773,-16.083350590247623,20.34364533945424
2000-10-04,-7.542753892056183,-24.940227885385767,-15.380358940057928,20.915759796831733
2000-10-05,-7.261399657178675,-25.686222669166042,-15.678668607038178,20.451980631044414
2000-10-06,-7.481173936572577,-25.345576651843782,-16.981739878550417,20.20972747304349
2000-10-07,-8.212945117266147,-25.6307434315696,-15.988393478139566,19.33447965733344
2000-10-08,-9.389614869336182,-24.803895954414855,-13.944977525209326,20.78342489829074
2000-10-09,-7.814360544773097,-27.859880671753015,-14.73085612937298,19.328530108269636
2000-10-10,-7.870758324471394,-28.070123082872566,-15.156690541994529,17.465278593359024
2000-10-11,-9.499700500755361,-28.267577656838622,-14.631642679477094,17.27674930421039
2000-10-12,-8.033595216986885,-29.74171123469073,-15.016579476085312,17.516670043712477
2000-10-13,-8.606989944127712,-30.044412552205845,-15.362271360285684,16.078748317955842
2000-10-14,-8.943704229867523,-31.32752058979728,-16.713446820323274,16.053296756095207
2000-10-15,-8.975285829390117,-32.32832546046004,-15.870768088323702,16.012749770572608
2000-10-16,-8.408008095740165,-31.118392041660208,-14.77215105483862,16.40518457454113
2000-10-17,-10.002890522436442,-33.683688909415,-14.147704073893427,15.749168262829022
2000-10-18,-9.634742216500497,-34.157378047280794,-13.542635353041511,15.404340788256757
2000-10-19,-9.842881195751099,-33.87033442339907,-13.167513402646946,15.294768994004084
2000-10-20,-10.181659517122895,-33.87573323294666,-11.815461865593964,15.632823186293821
2000-10-21,-10.942809982164764,-34.506370643449614,-12.449950738697957,15.551348956111381
2000-10-22,-11.250132876479322,-35.03690384988353,-13.198835335837073,16.167886713853257
2000-10-23,-11.192178070381527,-33.27186858362437,-12.614289532271943,17.498697929516634
2000-10-24,-10.331842603677009,-32.68214109687044,-12.658817458947638,16.438675132832095
2000-10-25,-10.038424226351525,-31.786973702178784,-10.396630583246324,16.611537054503607
2000-10-26,-10.6934302004674,-31.130776359400222,-10.84696175167386,15.33025708176391
2000-10-27,-10.79302230613423,-33.60176725205244,-10.266088578251214,14.994574779175345
2000-10-28,-9.470908111385134,-34.113031662493135,-11.109181064326924,14.506616990491892
2000-10-29,-11.490080059688697,-32.89347895581645,-13.058428227283112,13.347395503171104
2000-10-30,-10.93543652713771,-33.035857538252195,-11.86992862139089,12.721583973870517
2000-10-31,-12.48887670187689,-34.481583995475695,-12.779663070261616,13.049804670446596
2000-11-01,-10.693335547967761,-34.237356910269845,-12.73484868759651,13.239681934027441
2000-11-02,-11.229008818322717,-34.921378122434525,-13.898507303674606,13.801208860037269
2000-11-03,-10.987734488471704,-33.10432329149428,-13.345857845291512,14.913726805212635
2000-11-04,-10.70973397616465,-32.98068122158404,-13.631683627937555,16.471619300342585
2000-11-05,-11.893236824164951,-34.26754223045073,-13.156184148619948,16.35866414996654
2000-11-06,-12.181711138582648,-34.440757275356106,-13.553812590317944,16.01190903970263
2000-11-07,-14.159333170620043,-34.08093688746797,-13.127892099751222,16.0892679369593
2000-11-08,-15.23924969775217,-34.25075481652767,-12.373533088289898,17.0440721253626
2000-11-09,-15.530835835510514,-34.43101542615165,-12.450483028138233,17.05113538684763
2000-11-10,-14.85606154589806,-34.59283974958193,-11.900379137349939,17.29534400517046
2000-11-11,-16.114979996272663,-35.15973019407674,-12.410748279332545,17.736726637462542
2000-11-12,-17.016234486951426,-36.487816634391066,-11.93663738926839,15.72822030189116
2000-11-13,-15.446623641540333,-35.42574937023908,-12.177049220831181,15.664602468359375
2000-11-14,-17.251718138116775,-35.60116034498512,-12.082396502846237,15.714222433955992
2000-11-15,-16.300789238333486,-34.04023507040042,-13.4293408215479,17.306882006754773
2000-11-16,-15.95404374769412,-34.322924450314375,-12.200241191980812,15.951662135014994
2000-11-17,-15.451131421416171,-36.28546128976301,-12.54673170072938,15.22854689800444
2000-11-18,-14.28804383511163,-36.9968559924291,-13.025777347742343,14.619771975404488
2000-11-19,-13.593685134030805,-35.66187230541412,-15.475553468979365,13.857609854920293
2000-11-20,-13.099931093797467,-35.69049637999493,-15.148620636356565,13.932385754418663
2000-11-21,-14.0199274215644,-36.529419819319116,-16.141575355767202,14.093618562742215
2000-11-22,-14.71373015948441,-36.628437466565295,-15.477886411731106,13.281617375540485
2000-11-23,-14.97735590739292,-35.46561057466717,-15.13079107466814,13.945137055092303
2000-11-24,-14.458971380298047,-34.5825928419641,-14.701405457287228,13.395447382731902
2000-11-25,-14.928391946541275,-35.47098498351124,-13.875189288283709,15.492747261839952
2000-11-26,-15.68982868989756,-35.15624030024985,-13.645614894428796,16.024910535321855
2000-11-27,-14.15574255679643,-34.58815441364545,-13.990708063446148,15.87078981641245
2000-11-28,-15.115876598781828,-34.16101675290473,-13.366493805910178,15.94835599418892
2000-11-29,-17.678712610333847,-34.80001195256962,-16.615593611294994,15.184064345020268
2000-11-30,-18.53257809044515,-33.471639612483635,-16.07780156198745,13.486985712760774
2000-12-01,-19.27299179514506,-32.95902150978729,-16.39622158726271,13.456205610300179
2000-12-02,-19.906209463614346,-32.50472947963861,-15.826942813447985,15.032843712777556
2000-12-03,-20.566687300487356,-32.675780251302136,-17.13488771323965,13.176614242963732
2000-12-04,-20.902503989872823,-33.73780770581023,-15.9846179885631,11.762356750177586
2000-12-05,-20.569686325087623,-33.97473538027084,-14.570842624754182,10.247511774570853
2000-12-06,-20.8964313219142,-35.64854594432105,-14.111613525507023,11.266218999209727
2000-12-07,-22.439908465853428,-33.05238140258054,-13.323153714242709,10.904590880555777
2000-12-08,-22.27808752632094,-34.2185786150546,-12.383513896827678,10.162793691796805
2000-12-09,-21.79554751707462,-35.947314177819806,-11.708227689532409,8.34698714920027
2000-12-10,-21.71791083826207,-35.91746301537924,-11.790331062776099,9.882160079625342
2000-12-11,-20.00033651157372,-35.640190276808674,-12.52042688510478,11.407615633215066
2000-12-12,-19.664105106765337,-35.40771389379078,-13.949589956365777,11.464268513085367
2000-12-13,-16.57885789723983,-35.58694368997807,-13.564400388605076,10.928221791142334
2000-12-14,-16.135061929022058,-37.839438353585436,-16.205732910308914,10.198218197168618
2000-12-15,-16.881621557897297,-37.02249548464132,-16.97482012480193,10.605866188160782
2000-12-16,-14.997500251876094,-36.18086540854905,-15.753100366402744,10.976595940064506
2000-12-17,-16.442201352830054,-36.346551626471864,-17.286217013090273,10.767877917231019
2000-12-18,-16.029596406761854,-35.9191113280695,-17.103079521693047,9.89480818580301
2000-12-19,-16.21521709621346,-35.63916167016773,-16.544440605190456,10.244207065983046
2000-12-20,-15.93517341665959,-34.80542098240716,-19.957410023950718,11.266419845734367
2000-12-21,-17.0243127251738,-35.19636744419425,-21.07714942202363,11.823690919221807
2000-12-22,-19.60604643842087,-35.71695455828771,-20.51532364473617,9.80977447422629
2000-12-23,-18.11739987829772,-36.36247562690452,-20.039003280456264,9.490081379098356
2000-12-24,-16.98263466520497,-35.01226431338151,-20.363609346947683,8.780135705376091
2000-12-25,-17.349901229212925,-35.42856364782767,-19.07784114529684,9.725928232237269
2000-12-26,-17.133182775497552,-36.31157396687574,-20.851539926658468,9.485715933742572
2000-12-27,-18.603354808251794,-36.21697472218694,-21.59281222006547,9.791600492646188
2000-12-28,-18.85571733288188,-35.453765801891436,-23.465125116579998,10.895368617267234
2000-12-29,-18.57254601145114,-35.99868715667548,-22.62428137767861,10.711889334099006
2000-12-30,-19.666158291902377,-36.77625388968677,-21.829230776693322,11.047598416579756
2000-12-31,-19.714702481077044,-35.49170211845729,-21.635030294127144,10.437353611941257
2001-01-01,-19.931174361285105,-35.83142606099297,-21.060886610920114,11.15302240562275
2001-01-02,-19.43360171377733,-35.53451675784165,-20.47814825380699,11.765865800320903
2001-01-03,-20.11061691483854,-34.80510373136042,-20.74755025779326,14.403105714791705
2001-01-04,-18.621072583623263,-35.73421237160854,-19.757695235374626,12.794416984922837
2001-01-05,-19.491835824295542,-35.96229723532313,-18.529888230362396,13.579759418451209
2001-01-06,-18.944263821067608,-39.158260706781235,-19.324921113016572,11.92014735810685
2001-01-07,-19.66642386212096,-39.165116632443414,-21.516227602043404,9.865814770874767
2001-01-08,-21.256535229676206,-36.7173153055742,-18.521618505270364,9.21852966604514
2001-01-09,-19.20677022384789,-36.782260955825265,-18.122795837226473,9.021330062715387
2001-01-10,-18.718315414098655,-35.957584346723046,-18.98373546661622,10.016026505932665
2001-01-11,-19.06403097933589,-35.70389080591703,-21.094941465718648,9.25674255620661
2001-01-12,-18.369430471344387,-34.940650636438576,-19.897046125740435,10.497383325215793
2001-01-13,-17.332656951616183,-34.33901687133421,-19.734029311502425,8.989706365528825
2001-01-14,-17.594880106526706,-35.41373836916342,-20.295914737366328,7.337754005495253
2001-01-15,-18.533152149570242,-34.880439806764606,-21.068884451517857,7.272702926083185
2001-01-16,-19.212945864891754,-34.922596340487935,-20.302251607700654,5.988629108861844
2001-01-17,-18.926659461065913,-31.721028460902012,-18.116838105503124,6.6405808572419325
2001-01-18,-17.45289769003735,-30.85737087135318,-18.47480845761133,6.761557765681711
2001-01-19,-19.337629165450235,-30.881623146068293,-19.360151011112176,9.374622225039431
2001-01-20,-19.51974695821099,-31.960389994670773,-19.08796820338491,9.239765893082245
2001-01-21,-16.877375209302183,-31.444752606778962,-18.49242029226339,7.569879586048867
2001-01-22,-17.07715141834334,-31.10741508556927,-19.4563675423526,6.135704983274371
2001-01-23,-17.8842325538086,-30.657460397286748,-19.6559084568558,6.05452857252041
2001-01-24,-19.79538750799761,-29.688534722725194,-20.41960681851202,7.358537188380721
2001-01-25,-19.59451401558507,-29.71336075187593,-20.155439381705524,7.494531274181116
2001-01-26,-20.13945278285445,-28.550194669833434,-18.800577915377314,7.19988824820655
2001-01-27,-20.19634679571355,-28.45675854810816,-19.863286614706325,7.094133250095522
2001-01-28,-21.18252070115198,-28.465950239052013,-17.78414146114376,6.822729831965538
2001-01-29,-21.081883811885163,-28.48235091110827,-18.733214904709246,5.611285911669538
2001-01-30,-22.36147633674707,-27.870535284758404,-17.707348551538413,5.073421747177631
2001-01-31,-23.127679674819277,-28.516929484548662,-17.47244840844529,6.191691296959634
2001-02-01,-23.822930157003583,-28.94033910215751,-17.69280936676108,5.876502738642608
2001-02-02,-23.180439441852272,-29.012239357165985,-18.510656970737205,6.300650045941638
2001-02-03,-24.233491434870835,-30.06050388558479,-19.496606525291345,5.332684151574318
2001-02-04,-25.260394782760248,-30.230140310208878,-21.50862180648768,4.766625031569376
2001-02-05,-23.60873102897662,-29.485412480587247,-22.353790364626004,4.951729706530339
2001-02-06,-23.041705457141063,-28.06807620165249,-23.98469494994906,5.813179477932718
2001-02-07,-22.842055786240618,-28.300583027451935,-23.520527370580904,4.549092351619933
2001-02-08,-23.03636699035145,-30.605582785219642,-23.94220245543175,5.74972351154827
2001-02-09,-23.501811785797916,-31.57881606266787,-23.755118717900462,5.465817730293162
2001-02-10,-23.286868386654852,-30.704505035285163,-23.957468645277007,6.419229020190183
2001-02-11,-23.2494899275138,-30.258022845502133,-24.680380640674567,5.091992030296321
2001-02-12,-22.05624323801224,-28.53647379204566,-25.24630256214572,5.436614500057192
2001-02-13,-21.816550822005393,-28.451306675748206,-24.909253189275745,5.346016915595581
2001-02-14,-20.776983049406816,-29.39763672951579,-24.859554209629263,3.727094065948096
2001-02-15,-22.25005887620314,-28.69978813846412,-22.914851121104068,3.7184736876603033
2001-02-16,-22.434448842790395,-27.926918371494878,-23.74783972994095,3.4046330571780916
2001-02-17,-21.440696776713345,-28.44112210079053,-23.27007203303643,3.5671599301998524
2001-02-18,-21.716512264656345,-28.315559538445303,-22.57394512499503,3.2728085922870327
2001-02-19,-22.37342805280244,-28.452517772996178,-21.844763045862013,3.536840312431272
2001-02-20,-22.197189205643014,-28.35862195971626,-21.648324952835424,4.271805063908702
2001-02-21,-21.92870516903828,-28.63603654585581,-24.407388850662738,3.8681581915045267
2001-02-22,-23.286007548176023,-28.306206375489552,-23.906349546239532,3.404642953757979
2001-02-23,-22.81696698774011,-29.73867610367312,-22.043009774001582,3.9769086220797054
2001-02-24,-23.339581452925433,-29.66887773279137,-21.73420197515994,5.234801177983304
2001-02-25,-23.652816025422904,-27.674402344177643,-22.23692701872298,5.33993736513782
2001-02-26,-23.819902512745184,-27.423476666937734,-24.347439340320303,5.274100088483913
2001-02-27,-26.059578543910312,-28.04223013264126,-23.776550908820397,5.802377342366405
2001-02-28,-26.15500842466464,-28.973411534024734,-24.862140068555625,5.7416769676349215
2001-03-01,-24.98081987890136,-29.939917958096526,-23.80874128962446,5.834817064760345
2001-03-02,-24.519447930961412,-29.359999198354345,-22.411985761153602,5.208693945567013
2001-03-03,-23.697806836613378,-28.703398219450005,-23.801494690002144,5.24694735243813
2001-03-04,-24.503344793282633,-28.576951314713657,-22.288603488356024,5.165295080030875
2001-03-05,-23.95873678371428,-29.013553711387402,-22.793279331590426,5.3374375309430215
2001-03-06,-24.259124985931003,-28.918819571014588,-22.971903108771397,6.453789471153053
2001-03-07,-24.30877831955593,-29.088318468897462,-22.61977803015479,5.049790749138814
2001-03-08,-23.149728618346796,-30.01805014588101,-22.45341038378441,5.628716953204421
2001-03-09,-23.014425133364185,-28.61564745529447,-22.130789590507568,6.952260344093034
2001-03-10,-24.128751572243836,-27.972535062536952,-23.4513953963412,8.434395102569301
2001-03-11,-23.75781642791159,-28.868402392036796,-23.133254260394427,8.574065672771887
2001-03-12,-23.963363342135462,-28.74685347716139,-22.701821671959365,8.816663904010175
2001-03-13,-23.338509782625835,-29.711189096228427,-21.654268406481002,8.939121734610735
2001-03-14,-23.23071801159023,-28.527679675751763,-22.109025203008386,8.709726862116552
2001-03-15,-23.31379770142244,-28.055930619051537,-24.170781111631793,8.68037269123205
2001-03-16,-22.172313335743997,-29.158909047973484,-23.65545128340376,8.88921982055709
2001-03-17,-21.960252240194578,-28.240247421486956,-24.979868906948475,9.525101301733544
2001-03-18,-22.590808447326204,-26.160688464161062,-24.605470964049868,9.623999806019729
2001-03-19,-22.419599802251156,-27.444592853210008,-25.262332176051547,8.590465798481036
2001-03-20,-23.68584853214112,-26.94517634085922,-25.758979627763757,8.616929995405297
2001-03-21,-22.52454866316081,-27.612043028313238,-27.48703513698403,8.575282305515563
2001-03-22,-23.919898779916004,-27.60277064272349,-28.697199545098453,8.296049875463995
2001-03-23,-22.37638626388135,-28.386799754186324,-27.671240741903205,8.540015659053344
2001-03-24,-21.81874247574668,-28.906297729417286,-29.942674847341134,7.964968705926412
2001-03-25,-22.475340743007756,-27.91447370999184,-29.32120611454019,7.465588793639385
2001-03-26,-22.938335770121395,-27.955521898116327,-27.928265196976877,9.26492867800557
2001-03-27,-22.780147141411973,-27.726320336423562,-28.558772680911446,7.421674975218661
2001-03-28,-22.77503989413794,-26.965544810375984,-30.042309043320984,6.7357359395461165
2001-03-29,-23.406284446859193,-25.32619128006478,-31.495142003797262,7.421237604088884
2001-03-30,-22.265610470601676,-26.1945284465723,-30.204464812770034,6.7773923261152085
2001-03-31,-21.97904589955077,-26.881028417384137,-30.81846550443202,7.847372866712998
2001-04-01,-21.810559851263474,-25.620775542819384,-32.24090233850876,6.747650356863574
2001-04-02,-24.179157107647157,-26.282062751713575,-31.237328362061216,6.5700338729273575
2001-04-03,-23.41307022592027,-24.34975675626537,-29.848645727830615,5.510127121915488
2001-04-04,-25.315812213112654,-25.680895239091967,-31.68379208947846,6.0013145231076415
2001-04-05,-26.513339878953815,-24.513021888007028,-29.458815482285846,6.0759784929858816
2001-04-06,-27.219918958738795,-21.63338556496558,-29.921035345170008,5.617986776479413
2001-04-07,-27.389281891974598,-21.45458695042394,-29.60294395467601,4.549696726563091
2001-04-08,-28.8168713452341,-21.27048223368682,-28.44782573263348,2.6899250136909334
2001-04-09,-28.33393932779022,-19.606158054084485,-29.0851983477649,3.004529224950161
2001-04-10,-28.125825233215476,-17.315768505540575,-29.788930490160798,2.9229121708721535
2001-04-11,-29.19106627780608,-17.461755122804067,-30.57253201801259,1.5181716457358234
2001-04-12,-29.09040277557438,-17.78295605964569,-30.9406355773025,0.6311088945497147
2001-04-13,-29.423781323301345,-17.298493264195056,-30.981003009299993,0.9907118293383179
2001-04-14,-29.51981695228884,-18.513913073244794,-31.086029531789638,0.37706336276333374
2001-04-15,-32.318198457560655,-19.762341948957218,-31.614655163281963,1.7841420395799712
2001-04-16,-32.51895627976103,-18.344356444282074,-33.62631528995293,1.4788925038435476
2001-04-17,-33.17427523657262,-19.157291105128934,-33.82994910232278,3.591397192921841
2001-04-18,-32.54524269527206,-20.272058847884967,-34.51123029206622,3.9337870564475326
2001-04-19,-31.702604320253066,-19.759063706486074,-32.845388294519395,3.235771834295438
2001-04-20,-31.59091141266703,-17.919231092267363,-30.56643824215894,3.235615690319598
2001-04-21,-33.28499303750588,-18.45246744253376,-31.499064218058784,2.6481034722647188
2001-04-22,-32.794894292554616,-16.629149751064773,-32.15428163226187,2.776984872254581
2001-04-23,-33.21889114017815,-16.734702887655743,-32.110702189642105,1.889819221796314
2001-04-24,-32.69969909965931,-17.48141363891466,-30.91724823342181,1.7486992665692438
2001-04-25,-31.22120306081303,-18.067782552543214,-31.039789641592954,1.9438686361668893
2001-04-26,-30.423524629348197,-17.331972311088194,-30.144391119788875,1.0123461131870508
2001-04-27,-31.202918755767843,-17.40293962452007,-30.419633212876768,0.8547379109964798
2001-04-28,-30.833746311920095,-17.36074011429653,-31.072778819199588,-0.11040633042377213
2001-04-29,-31.403628081108437,-16.74858922561975,-29.862790650509794,-0.16521169556324578
2001-04-30,-32.48072913362526,-15.958890971968414,-30.637705355414298,1.9472326065097785
2001-05-01,-31.195011977618144,-16.30044180839118,-31.078799035894445,2.591421437786908
2001-05-02,-31.273758968775855,-15.611021909255058,-30.025036697458578,2.4803818861489657
2001-05-03,-31.15955308038213,-15.52825094457245,-29.9100010760961,1.7967986446732653
2001-05-04,-32.35797940986201,-16.42497103064976,-28.176658067686805,2.8802312919690425
2001-05-05,-35.18849463154676,-14.751834048486247,-28.341277766520825,2.4266506336615623
2001-05-06,-33.85414102105261,-15.97535837887767,-29.006927981132474,0.6181554652117176
2001-05-07,-34.00562739207941,-16.468787301034325,-27.65002080515921,1.525116860653151
2001-05-08,-33.39077586041477,-16.83354250047312,-27.56755032192846,-0.6891314099701322
2001-05-09,-33.171693094268676,-15.485654428310408,-27.747466694488423,-1.1586825944154062
2001-05-10,-32.97867198606762,-15.868896197702188,-28.6668627448008,-0.9978832425238109
2001-05-11,-34.27811151948311,-16.2013752898955,-27.233537456305598,-0.8674872263201301
2001-05-12,-34.1055390017388,-16.032463080308318,-25.501945713408364,-0.9597146706762114
2001-05-13,-32.761599771592806,-14.493535694711339,-26.261980151399133,-0.20438037179802704
2001-05-14,-32.02620251976536,-14.23728405702528,-25.63054994374491,-1.241461357841252
2001-05-15,-32.42814016610575,-14.530829362370598,-26.06722896457684,-1.6195739717925852
2001-05-16,-30.621100080571562,-14.166138054904563,-24.555141544174052,-1.7021824768376728
2001-05-17,-29.659236619204954,-15.43576762471469,-25.976687891334663,-2.261569850970356
2001-05-18,-29.102194201098534,-15.175137715316303,-26.092473681648165,-2.2031937965460533
2001-05-19,-29.596270273265052,-14.480248069114705,-24.21582208811232,-0.769481167807933
2001-05-20,-27.04723240905518,-14.851705438635236,-24.70269808838707,0.04902923992042618
2001-05-21,-27.5920133305433,-16.00628067028692,-23.95654518208818,0.23037989748378435
2001-05-22,-26.628004070960422,-16.132783120598056,-23.3453006974221,1.1266353769246868
2001-05-23,-25.339819970280846,-15.722713794263143,-23.87195882960518,-0.20344264862101835
2001-05-24,-25.66421318171225,-15.614912571527421,-23.5481030413412,-2.0269119500134405
2001-05-25,-25.660931584587324,-16.39509138221601,-22.809631971646738,-3.2504630181200556
2001-05-26,-24.078555787337727,-16.673084055035734,-22.481363232406153,-3.829253701245508
2001-05-27,-24.901485139737186,-16.514242316758654,-24.619904882287155,-4.393210795337669
2001-05-28,-24.781624718762227,-17.40071701130924,-24.026632645075363,-3.9259051381020855
2001-05-29,-25.765767542102633,-16.77154234762443,-24.05280063013802,-2.5129204904526032
2001-05-30,-24.888692833725003,-15.907118359830445,-23.499710839971105,-1.7623234562402268
2001-05-31,-23.937504447781016,-16.453566793077027,-24.624147279823063,-2.8191365809989266
2001-06-01,-22.672076835993302,-16.995782699527552,-24.389544445515487,-3.5725220465007386
2001-06-02,-23.850169315386687,-16.27622293829157,-23.788718236239937,-4.826770722556125
2001-06-03,-24.01332260803166,-16.973052545092347,-23.44901583534744,-3.7048825116000996
2001-06-04,-23.128297765962365,-16.374349084890714,-25.11824872731633,-3.5204768283787238
2001-06-05,-23.633824503667412,-16.751680825992864,-24.5780659035143,-4.3672265664330165
2001-06-06,-22.66095116048083,-15.354968264998162,-24.166215545970942,-4.903005890960073
2001-06-07,-23.259092879073414,-15.40423487420707,-26.11450203505713,-4.702954636524738
2001-06-08,-23.862147266118825,-15.42158224912126,-27.68336842131309,-4.647524960521821
2001-06-09,-24.16066564675309,-14.074409056321677,-27.744462160962694,-5.657727129617757
2001-06-10,-23.108524423895684,-14.581450974487367,-26.29932307120891,-4.447066484020213
2001-06-11,-24.002670730708513,-14.220231935916871,-26.963288249302654,-4.780307584684362
2001-06-12,-23.019779302670326,-14.811902192100755,-25.892331413910874,-5.196720096317047
2001-06-13,-24.211198393799396,-14.884504689176376,-25.19691247560978,-5.274342427556586
2001-06-14,-24.345232717506573,-11.857115927048467,-25.529926343433488,-6.556375703471901
2001-06-15,-24.05109586071021,-12.290716828099104,-24.59983211638922,-8.194840369771125
2001-06-16,-22.72187268050503,-9.796156090210447,-25.772575231974784,-9.046473530741578
2001-06-17,-22.85980532379406,-10.152805705138675,-25.966975574917225,-7.435938733350102
2001-06-18,-23.652842972285107,-11.447114976165382,-26.234711824880062,-7.790926990126921
2001-06-19,-23.686386993505717,-11.163758281573369,-26.82580454921518,-11.15993875135988
2001-06-20,-22.15042860841911,-10.406058084257586,-25.37933027937655,-11.643490729489885
2001-06-21,-22.353661693315715,-9.572768161928261,-24.142724932293824,-11.941174334927586
2001-06-22,-22.924155645213425,-9.091790151760057,-25.60797464299527,-12.778027332696473
2001-06-23,-22.72056442995497,-10.69914026959536,-25.794214964588082,-13.545119263096097
2001-06-24,-22.634016241466842,-9.136143076993571,-28.109880558814254,-13.467666539700598
2001-06-25,-22.239538500098913,-8.286454041458956,-27.895233874937535,-11.792641413059624
2001-06-26,-21.51641776116257,-7.356847755735875,-28.669413814424857,-12.433158699457659
2001-06-27,-22.970515747980645,-7.796913360954806,-29.375881365679767,-13.389190509573432
2001-06-28,-23.44127422812829,-6.599769344628701,-28.895604507891118,-12.397327988898738
2001-06-29,-23.491959097578004,-8.188757716781287,-30.172934947757494,-12.290092961718097
2001-06-30,-23.195648673299754,-9.152805959702077,-31.647804420752585,-13.155045328064288
2001-07-01,-22.021141787158484,-6.884630740555114,-30.808453170305214,-13.247964002139925
2001-07-02,-22.526782043830067,-5.797915567574324,-31.16632027548969,-13.480441497672595
2001-07-03,-21.903308052451816,-6.65387968813935,-31.502100285355365,-15.090565476837405
2001-07-04,-24.115830464864434,-7.635330267784049,-32.175009491841365,-15.60374497735009
2001-07-05,-25.393025380127014,-7.761413072246187,-30.60781026177355,-15.103933076557777
2001-07-06,-24.705799270223743,-8.864424718389959,-30.935337735377626,-14.85489781091956
2001-07-07,-24.748597824462795,-7.385311000501089,-29.333789266892992,-14.379036020661434
2001-07-08,-24.310563337932944,-7.458559515952878,-28.916009713446527,-13.519215360044026
2001-07-09,-22.158686386004575,-8.307423389441063,-29.876724521377557,-14.851887253794755
2001-07-10,-21.08033308207249,-10.514355724147311,-31.69079760729184,-13.577953843959538
2001-07-11,-21.286396699664948,-12.083128648798947,-30.89387608638911,-14.0822126403023
2001-07-12,-21.334291984671076,-13.59954848673053,-30.64088904569021,-14.71467445976017
2001-07-13,-21.790971534978777,-14.648256553468391,-30.908006701282417,-15.618683174399246
2001-07-14,-22.728415805418003,-14.57697892225032,-31.01764648604043,-15.699799051281058
2001-07-15,-22.894785267858826,-13.973246171552224,-30.956757711789287,-15.525485968972596
2001-07-16,-23.188570208254358,-15.254569386170651,-31.684238314245594,-16.983929733721045
2001-07-17,-23.725554455908743,-14.375212815022444,-31.576339528235486,-17.025587254513365
2001-07-18,-23.822541020779102,-13.84554516773163,-33.33811343442184,-17.58056275958187
2001-07-19,-22.993872134516277,-14.665168368410773,-33.887795469888985,-17.322907780343805
2001-07-20,-21.151912025084844,-15.087542395824428,-33.889022507327326,-17.440138156191352
2001-07-21,-21.31428779356222,-14.141460671454421,-35.21325271806578,-17.63619961952082
2001-07-22,-22.708488589451953,-14.873339893028447,-34.734888258817094,-18.228287505636317
2001-07-23,-22.339487486939042,-15.25603776160415,-34.15336936161572,-18.76036203012292
2001-07-24,-21.616245514125463,-15.071774285672848,-33.07210438047818,-18.424885296627078
2001-07-25,-21.294320337150133,-14.914109412124787,-34.2730075639344,-17.688365585196514
2001-07-26,-21.209495977433644,-15.009891203469055,-34.227001101645335,-16.56041267010824
2001-07-27,-18.951480644833538,-16.66937187139891,-35.68352431103016,-16.998149489118745
2001-07-28,-18.476403787798777,-17.553190110671274,-35.06468214007341,-17.839943216322858
2001-07-29,-19.292024592522505,-17.92217959606491,-36.18189598575368,-15.497580178932182
2001-07-30,-18.928373787714154,-15.997225161225316,-35.47751361533475,-14.973225585853289
2001-07-31,-19.9338005819298,-16.435784644540835,-36.531551585471895,-13.723684015422968
2001-08-01,-19.715908298262818,-14.267231749964495,-35.22221239057207,-13.018360261013642
2001-08-02,-21.811428475488885,-14.65289874666954,-35.619198461365784,-14.542290898844342
2001-08-03,-21.43706175515817,-15.972815517918406,-35.6028629405064,-15.17048852413915
2001-08-04,-20.281442322454094,-13.743915166092636,-36.15367501902156,-15.456720152592824
2001-08-05,-20.35554204075369,-12.419991505074446,-36.62451498238047,-15.920573144177785
2001-08-06,-20.729719524924096,-12.400194444216671,-34.747712744520285,-15.547489250880723
2001-08-07,-21.434886461601188,-11.914653725530536,-34.86118022700361,-16.34650440951842
2001-08-08,-22.831783545645873,-10.606942828806615,-33.452914103023815,-17.480401413687144
2001-08-09,-22.636141246367966,-9.752708645296012,-34.15271843011445,-17.011397639469546
2001-08-10,-23.01384387983889,-10.43556720693777,-33.361923249248115,-16.268966359422325
2001-08-11,-23.166251617559624,-10.088587720421854,-33.94132112511052,-15.118349046460677
2001-08-12,-23.338942030999622,-10.207505506354865,-34.11730480868111,-13.819746815632003
2001-08-13,-22.946655980425426,-9.706014868929815,-33.899703421890145,-14.49097993357714
2001-08-14,-24.56209830135422,-10.025438730555141,-33.93114304230436,-14.243119458291355
2001-08-15,-23.23009814652558,-9.986580644219345,-34.40538911884717,-14.270406549892673
2001-08-16,-24.139551712416154,-10.93550855872678,-35.074895846398746,-12.583097261813503
2001-08-17,-24.14098283193203,-10.434225767809666,-35.38026843933289,-12.70759253584334
2001-08-18,-22.63928935004708,-8.867446815391498,-35.75439950264269,-13.091515882471926
2001-08-19,-24.224221568790895,-9.066909462543746,-35.26117675586282,-13.92735682612279
2001-08-20,-22.741677157566453,-7.283232283192195,-36.174131121889104,-15.14938194615613
2001-08-21,-21.390152511828937,-7.0147066056054665,-35.602191630246566,-14.039185242858647
2001-08-22,-21.04111649600276,-6.342755559773726,-36.16889743251549,-14.122634610855425
2001-08-23,-20.201939631317074,-7.594728648525388,-36.40868391046679,-15.543945706134455
2001-08-24,-19.85397259987412,-8.026171595476217,-36.586189557135576,-14.62201805696026
2001-08-25,-19.666210273974563,-8.52196722840871,-37.5529855951856,-14.80495381140025
2001-08-26,-20.300253347038925,-8.87209619717643,-36.67564155212974,-12.333554261909873
2001-08-27,-22.809631789934617,-8.643182835566465,-36.58422887754732,-12.84432314704179
2001-08-28,-23.30053010022076,-10.53459461991448,-34.63428006565371,-14.110788209838674
2001-08-29,-25.280550880968217,-11.061253184561554,-34.769894618491435,-14.530191728415483
2001-08-30,-25.20619231836128,-11.13822337383835,-35.67189388983403,-16.284786592266453
2001-08-31,-27.456690465149055,-10.915880852181298,-35.55727116866098,-14.473379644203757
2001-09-01,-27.571720458241657,-12.276968389147333,-36.45751971561412,-15.104629833755538
2001-09-02,-27.386901876409713,-11.614129303172486,-35.42278113979126,-14.036031503086283
2001-09-03,-28.41327699031979,-11.54248276474334,-33.30788392104468,-14.508162197206971
2001-09-04,-27.85956261526819,-10.730593619035675,-34.86785716210312,-15.048877394750148
2001-09-05,-26.944493844009102,-10.611413842904183,-36.813452085434605,-15.486516809340051
2001-09-06,-27.629863878689022,-11.683347299455688,-37.27786662553312,-15.743045911091318
2001-09-07,-27.06587287103616,-12.816686092341428,-37.89486465951529,-17.35804070439971
2001-09-08,-27.33809820929098,-10.749322131335802,-36.87696789455931,-16.927328639136867
2001-09-09,-26.7898314629519,-11.331218298247174,-36.380650461516865,-17.93530886182152
2001-09-10,-27.130024446304976,-10.850880837635666,-37.639832367892076,-18.838260724490695
2001-09-11,-26.633631287270422,-10.473578192138785,-37.83423689015476,-18.312156128878684
2001-09-12,-26.440649043036103,-11.598184665839424,-36.884437975281585,-19.234151462648036
2001-09-13,-25.705961198626483,-11.370777454588838,-35.596846873737434,-20.32529668548235
2001-09-14,-26.221143471063876,-12.989634535441304,-34.7493958726621,-20.39986238833488
2001-09-15,-26.667094711313453,-10.93897075551186,-35.98588713865883,-19.379108015626986
2001-09-16,-24.990378462781866,-9.857497814361462,-36.13867696327652,-20.058399489435537
2001-09-17,-24.90690593757635,-10.906118649451582,-36.65307383980754,-19.462875155491098
2001-09-18,-25.09896680787113,-10.659849563389884,-35.44234521043597,-21.010557927278654
2001-09-19,-24.96340679852616,-11.229477126943882,-34.655731276373245,-22.009883370228625
2001-09-20,-25.27714928274205,-8.862171238595824,-36.649477394559916,-21.785391941255547
2001-09-21,-27.001402618077574,-8.641729671200029,-36.5371695336801,-21.23939584186764
2001-09-22,-26.1083043046392,-7.764083486700835,-36.0792899482684,-20.21118244823898
2001-09-23,-25.115568771977482,-6.74839793360148,-34.544418900101576,-21.880743610287762
2001-09-24,-25.382624929400947,-6.8139525914391195,-33.82887978343401,-21.115795037721067
2001-09-25,-23.90435189824132,-8.47200826914057,-33.274342167163894,-20.47258189504715
2001-09-26,-23.649262101836563,-7.007673810194903,-33.0323904437603,-19.678804438203695
2001-09-27,-24.175857099133175,-6.9184893441350805,-34.01616100100759,-19.509803089696824
2001-09-28,-24.286980297407258,-7.37501654944883,-34.51160019367245,-20.500769174489598
2001-09-29,-24.143404079461085,-7.278490509019117,-33.88728588533275,-20.24973561491068
2001-09-30,-24.8997869595489,-6.722819417800464,-35.52630368346322,-18.125320161586583
2001-10-01,-26.890433335989556,-9.086106847780792,-34.688753933207735,-18.581913017683156
2001-10-02,-27.043789421035967,-9.724607828074541,-37.002293344411605,-18.898078116944305
2001-10-03,-26.090285711938954,-9.375543516164772,-37.707461495561425,-18.74079375143804
2001-10-04,-24.59774041623185,-10.104242856046547,-38.78142631668497,-18.577705102755335
2001-10-05,-25.51728045685931,-8.92533109052775,-39.1963990713452,-19.308640729843095
2001-10-06,-26.665036972434724,-7.300087406030667,-39.05971853949968,-19.436159489678076
2001-10-07,-24.651962515653118,-7.644863146334664,-38.12772789630467,-20.896883906625483
2001-10-08,-23.920100011402912,-8.42629371721868,-39.02020125787533,-19.8068001964469
2001-10-09,-24.16612878648118,-9.386131581526723,-39.50288982959591,-20.30383451539103
2001-10-10,-23.69839941665844,-11.038330605672032,-38.40880758755995,-19.841749019067517
2001-10-11,-22.223820620485995,-10.960909236494194,-36.45556453284839,-18.49217164642793
2001-10-12,-22.539791888922075,-10.307319354465587,-35.179240977749615,-17.454665788577795
2001-10-13,-23.614357362160284,-10.405540544408337,-33.84542760630519,-17.22917033672163
2001-10-14,-25.37624295664471,-10.244976252802646,-33.59050333589618,-17.9522583355132
2001-10-15,-25.92074214356994,-8.165976033638378,-34.21250389784189,-17.592270717358392
2001-10-16,-26.70115523563515,-6.795673983032953,-34.920227934337206,-15.959769009949975
2001-10-17,-27.70319700164859,-5.490103880295395,-33.44205181302038,-18.049847865570367
2001-10-18,-28.084422646628,-6.255428822832663,-33.986433509337765,-18.041663175196174
2001-10-19,-26.43995229444596,-5.757826373247465,-34.160714383863564,-17.27937182692151
2001-10-20,-25.16802826494543,-6.4778550131185355,-34.19526713336061,-16.972848928132464
2001-10-21,-26.74807014498768,-6.491697232390396,-33.77569137649747,-16.78043956535315
2001-10-22,-27.588627818138725,-6.96461872297737,-33.65984891790576,-16.130692722893457
2001-10-23,-28.316359934120918,-7.82552596905083,-32.975334434846175,-15.637946192321392
2001-10-24,-28.61692248154933,-8.123318502962054,-33.93563126042621,-15.325228677216788
2001-10-25,-28.543791334610095,-9.41248831479964,-33.69763120360155,-14.549009929403674
2001-10-26,-26.762876482486938,-9.300634686679583,-33.380406099744434,-15.34620022474511
2001-10-27,-25.841977614709815,-7.657401802008616,-32.30973116951911,-15.60151220927111
2001-10-28,-24.47348481653492,-6.881114855138633,-31.590184110055567,-15.299823427156673
2001-10-29,-24.173269666327222,-6.872543240308974,-31.301052674549425,-15.502632684225686
2001-10-30,-22.041982706267575,-7.753780397482878,-29.94021937248939,-14.365798033942584
2001-10-31,-22.205064987846516,-9.62378209817346,-31.085866360167422,-15.337819504375293
2001-11-01,-20.826212347587642,-8.897113610462059,-31.74968477798361,-14.051428815973175
2001-11-02,-22.434861118328556,-9.349302929814785,-32.35724750823887,-12.045179252310593
2001-11-03,-21.94446129593235,-10.358532294930493,-33.539269887000515,-11.523570492529755
2001-11-04,-21.850823754393623,-10.987935960779708,-34.148532830628255,-13.657165347652377
2001-11-05,-24.39348272944291,-10.47566538385491,-34.97217452103122,-12.845199820813416
2001-11-06,-25.725071778423494,-11.264999275912981,-34.4607885539966,-12.306113093045758
2001-11-07,-28.026470387505967,-14.056825028117986,-35.1299632887186,-13.054752993216853
2001-11-08,-26.999695430492313,-14.008996250516558,-35.659417367699106,-12.544324162682214
2001-11-09,-27.011498337654,-12.319296449897923,-36.545798936617324,-12.562107824135204
2001-11-10,-26.079933377171223,-11.773363526517386,-35.85392323579418,-13.331257984932083
2001-11-11,-27.656098710348044,-13.014810150732265,-35.00481222509074,-13.837468906911127
2001-11-12,-27.019930064110884,-11.975794881382956,-36.55061348724856,-13.45810043643211
2001-11-13,-25.536572804762276,-11.214881261663669,-37.43437791623178,-12.599144243142037
2001-11-14,-25.36291261917249,-12.179658060306,-38.60595425266022,-11.412909203875717
2001-11-15,-24.504435924037466,-11.924953495078917,-38.74263537270646,-10.758545280008763
2001-11-16,-24.853554703632373,-12.093348675553166,-37.05249445554711,-10.348176536691208
2001-11-17,-26.318608865551347,-13.453015353622451,-39.39983606463351,-8.864823515362271
2001-11-18,-25.86422207478536,-14.546624770519621,-38.85615163563844,-7.430993775093718
2001-11-19,-26.577340990068414,-15.851640761703521,-39.101803052382905,-9.923564407952114
2001-11-20,-27.458956121170818,-15.096934578838226,-38.72811861446025,-10.167868161296346
2001-11-21,-27.404923196410017,-16.295534345043635,-40.63046937506432,-9.626004351817889
2001-11-22,-26.37100820227252,-16.366521706206694,-42.5558403809598,-10.241612790230874
2001-11-23,-26.062558728497525,-17.32754077694632,-42.24389668949029,-11.163334559387426
2001-11-24,-26.72001705356165,-18.12023196701996,-42.52585096854373,-11.71700059014495
2001-11-25,-27.226443536426597,-18.2410988012364,-42.01463836584377,-12.085643623208863
2001-11-26,-26.648620577429543,-18.32357568423868,-43.27466962252207,-13.211821401715744
2001-11-27,-26.348012061570568,-18.239825285179982,-44.598804004195486,-13.011066186628742
2001-11-28,-26.997846870467683,-17.106793135312227,-43.166104505904215,-12.815817427396977
2001-11-29,-27.763355203490743,-17.882465320959852,-41.11091174684005,-11.906738449852911
2001-11-30,-28.700079096707803,-19.19157119997422,-41.14345674697925,-10.487786329684532
2001-12-01,-27.339928846008295,-20.25012334905497,-40.46143335859472,-11.506866472730858
2001-12-02,-28.062848206172017,-21.01365441362403,-41.68725695542821,-10.69992381832798
2001-12-03,-28.33461238968791,-19.445890583306287,-40.27321381075212,-10.0628383122406
2001-12-04,-29.016282893508283,-18.250195304711557,-39.434509109004956,-8.949679219081624
2001-12-05,-29.205328297222177,-17.773158932184852,-38.59793772239032,-7.530296048918247
2001-12-06,-29.773678693667613,-17.070030959621388,-37.790654578832104,-7.3334074801716405
2001-12-07,-30.36668691135346,-14.910554942254603,-37.06923945217044,-7.054584310194109
2001-12-08,-29.65250547220732,-14.343970024542855,-39.00225304524732,-5.952844148476432
2001-12-09,-29.436789011884606,-14.34082553703276,-38.74109445295474,-7.706007514650386
2001-12-10,-29.422914487090576,-15.503991900036867,-38.638444632657475,-6.464486892509418
2001-12-11,-28.188202743455218,-17.37801875959797,-39.792657386597824,-6.86201804127435
2001-12-12,-26.77622491393052,-17.837405304695842,-39.875426627717744,-5.559308363828883
2001-12-13,-26.224458410367262,-17.16714805835724,-41.17417406154641,-7.271991048279316
2001-12-14,-28.070511312518413,-17.340510433959103,-42.19302662757645,-6.645066575462338
2001-12-15,-29.32375471587934,-18.6283853648023,-41.48152584328189,-6.017672893130885
2001-12-16,-28.823831810923235,-18.620269668604305,-40.76961107020771,-4.980050815371717
2001-12-17,-28.05447126448325,-19.48936621025258,-40.263306201018004,-4.711723216386798
2001-12-18,-28.112195545089328,-20.488107186737658,-39.58660702467675,-5.7102937036866415
2001-12-19,-28.363772541579028,-20.505838974534186,-39.44115596304769,-6.497000678640362
2001-12-20,-28.399505047416945,-20.527220579422885,-41.25390710899775,-8.745437221118259
2001-12-21,-26.517287393911545,-19.4126340780258,-40.65152433682532,-10.046907516023962
2001-12-22,-27.81796569201197,-21.058618143709214,-41.228917393222666,-10.783559374897456
2001-12-23,-29.053932514831864,-21.93388805840625,-41.4242712546813,-9.688495195291695
2001-12-24,-29.40957519083203,-21.132143827676334,-41.06086240387115,-10.91473378132147
2001-12-25,-29.693467596017804,-21.632991940037293,-40.310108864771486,-11.327596389755453
2001-12-26,-28.928967333625454,-21.548074126355907,-40.8602444214275,-11.69613728223004
2001-12-27,-29.019384707379572,-21.183560283784466,-41.012354023770676,-13.583628780569295
2001-12-28,-28.86196174645683,-20.852729911794103,-40.26576093303611,-12.669402203031618
2001-12-29,-29.79409474255787,-21.372896974609926,-40.06287799095961,-13.708918725620036
2001-12-30,-31.4475745833736,-22.432161611785926,-39.39403549238612,-13.785780189165196
2001-12-31,-30.169534743233207,-23.286752608832476,-40.780143198326684,-13.635728652776299
2002-01-01,-30.40425816535003,-22.888116828694073,-41.2055023329735,-14.493273531359131
2002-01-02,-31.032127640897293,-22.023370220644452,-42.06582622885231,-14.271656929044564
2002-01-03,-32.031654360366375,-23.05840974571041,-42.29657325776805,-13.447011072807033
2002-01-04,-33.402721233924616,-22.177531646256266,-41.96951421704582,-13.439769214305363
2002-01-05,-33.762876233196025,-22.493789733726096,-41.191111632103606,-14.56541707047986
2002-01-06,-34.64199426741008,-23.347517160529897,-40.426581027681614,-14.479093226772635
2002-01-07,-34.855671546957915,-22.455586814115463,-40.60275649701654,-14.016489672735215
2002-01-08,-33.85968692544893,-22.952255426263907,-41.24314090930164,-13.213973948876516
2002-01-09,-33.375390326912616,-21.9540843497373,-42.94943861939068,-13.388250422030817
2002-01-10,-33.35086656631767,-22.486716305547976,-42.53668452272054,-12.958326658300233
2002-01-11,-35.179514883429825,-23.552926998479503,-42.842996326466064,-11.87860533635132
2002-01-12,-35.27418963570952,-23.392385358160936,-41.0513956117989,-12.172678266180345
2002-01-13,-33.97599468000563,-23.112960342158406,-40.68055562478768,-11.322559510065101
2002-01-14,-32.93844748723535,-22.82559788023366,-40.07649566208497,-11.090376335791435
2002-01-15,-34.5035650030474,-23.446605736197498,-41.528795888342394,-10.111035535915706
2002-01-16,-36.97588873133515,-22.5964135824742,-43.92805092005462,-10.909749442368256
2002-01-17,-38.110009973505115,-23.563208962687522,-43.36134606362753,-9.646729672217253
2002-01-18,-39.1374327389418,-24.074746261390402,-43.77508255690897,-10.873307411706014
2002-01-19,-38.79596248502239,-22.78024254918455,-43.459221065406936,-9.031885009433578
2002-01-20,-40.355308648285586,-21.774826606041124,-43.796982403566396,-8.826262813849212
2002-01-21,-39.40100002464452,-23.491010464455876,-44.82441958411298,-9.106530171803632
2002-01-22,-40.366274327742865,-21.53239308420606,-44.204316364069875,-7.190692532276132
2002-01-23,-40.597260946756094,-20.578231231001816,-44.215537260339524,-6.251657761436626
2002-01-24,-39.99679938358518,-19.534527632438763,-44.941012142492646,-5.710662055402224
2002-01-25,-39.79409342505248,-20.11635806409886,-44.776976937818446,-5.53591630542995
2002-01-26,-40.72244945462684,-20.241415002622944,-44.43672216896047,-4.1609614572981215
2002-01-27,-39.45932345704662,-20.20520686685296,-44.14394936993106,-4.174099163433322
2002-01-28,-39.420336198161905,-21.09183933459715,-45.58071007627539,-3.838627638854436
2002-01-29,-39.32605450696842,-22.754988472558225,-45.20711491467172,-3.623428229941659
2002-01-30,-39.25752959463313,-20.494624433924226,-45.262805633844785,-4.382957593737388
2002-01-31,-39.18287986141122,-19.846715021895545,-45.62601186684158,-4.137524028180425
2002-02-01,-39.110389934401724,-19.438953278098875,-46.950590201575565,-3.7309069344778374
2002-02-02,-38.726391945405304,-18.129426667091057,-46.091864920587874,-2.846368809888914
2002-02-03,-37.83876552342573,-18.55806134593791,-46.349101140726134,-0.43147342140308
2002-02-04,-39.376299575674906,-18.011308814306723,-45.34563204640217,-1.703229401865533
2002-02-05,-40.25096326639833,-17.19588986188057,-43.8058341671969,-2.59800037573061
2002-02-06,-38.2298680210455,-16.29084832220858,-43.38361086539778,-3.6742745889098947
2002-02-07,-36.58196084407479,-16.192378604811257,-44.64576519484813,-2.497622955363993
2002-02-08,-35.870587144804766,-16.050919604259022,-44.947782358209956,-2.1357950757440975
2002-02-09,-36.63256595562936,-13.934536986965387,-46.37408281190381,-2.243430709710343
2002-02-10,-36.081034282025875,-14.94365326442514,-45.575195688559724,-1.1691477978026596
2002-02-11,-37.54787104154076,-15.65100665527704,-45.14957984457069,-1.941217443712211
2002-02-12,-37.513603214034745,-15.88136457218769,-45.24010767503179,-1.5506766429648189
2002-02-13,-37.3576235629205,-16.808655412729582,-44.63670959630596,-0.25614764372755494
2002-02-14,-38.818567707692914,-16.980943940952944,-43.790784024854084,-1.3730544190808658
2002-02-15,-37.013225749446676,-15.582654744765282,-44.684444622508614,-1.707208355604368
2002-02-16,-35.330918291454914,-15.338836881321363,-42.12452051239621,-1.877066562047337
2002-02-17,-35.12602856303188,-14.903102014303427,-41.568515200943764,1.5456149268496209
2002-02-18,-34.11941829990116,-14.310516862703208,-39.95250584985056,2.842104177935829
2002-02-19,-33.469566877828896,-16.29552219429096,-39.187090217901755,2.2212271181376337
2002-02-20,-34.054242967351286,-17.079655245043714,-38.35244844574484,3.679492183067272
2002-02-21,-35.07179464943748,-16.349688788429468,-39.66527885694334,2.824030765649994
2002-02-22,-35.064349228564424,-17.70000168526096,-40.15636604095076,1.8363893087474037
2002-02-23,-34.27939666369892,-18.51839817197474,-40.42077458467499,1.8568442674719499
2002-02-24,-35.37906016215554,-19.68099185702255,-41.20553855240242,1.2838953717177066
2002-02-25,-36.85708112728408,-20.288071632878935,-39.95317181787991,1.4445589702765524
2002-02-26,-36.52335267583417,-21.541030835228472,-39.79200475932341,2.007687448385242
2002-02-27,-36.109483854201244,-22.14612904065911,-39.02655378994033,2.660229108193706
2002-02-28,-35.174989881016955,-20.949177521315235,-36.77112097581562,2.910605524171324
2002-03-01,-35.14168127731079,-22.095334409787554,-36.045494660610714,4.724764425798031
2002-03-02,-33.3665015186964,-22.988380730037772,-35.64649132981379,4.643165671643373
2002-03-03,-36.030971591579025,-23.093156867899552,-35.53290049675946,5.258525297307152
2002-03-04,-36.90740928824624,-22.670382862898546,-35.84314818085445,5.420679236925465
2002-03-05,-36.26876351615592,-23.118054097304412,-36.16411072118797,5.530771294375312
2002-03-06,-35.11921284936549,-23.127967712372246,-36.29277244192312,5.8382868727121275
2002-03-07,-34.91871461542871,-22.289468449596068,-35.082989147209645,6.786008399283918
2002-03-08,-36.24758938526287,-19.62401450095232,-36.541435945145395,6.14906869035673
2002-03-09,-37.458631465986635,-19.579633818021964,-34.95314723850141,6.074758113217815
2002-03-10,-36.637392173623965,-19.505460946728306,-35.72852007821224,6.698426942643371
2002-03-11,-36.11471595659591,-19.1746945266283,-35.64852927017798,4.25971753240321
2002-03-12,-36.690661862377546,-20.153252422661502,-35.569359692293496,4.439306699416434
2002-03-13,-36.980039076636345,-20.59215517516168,-35.018089892457795,5.908183560071621
2002-03-14,-36.56283972385253,-21.22432959479231,-35.93734284712445,5.448759077041512
2002-03-15,-34.385882133479136,-20.200384632381933,-34.296395644090914,6.722318706895585
2002-03-16,-33.57114925253178,-19.77893657880035,-35.379424352335974,5.925100650877512
2002-03-17,-33.001609098844106,-18.547518607096748,-36.38932683133904,6.2658287280925995
2002-03-18,-32.94113686415938,-16.164051540307337,-36.914319117718364,6.363503281313774
2002-03-19,-31.56608565153692,-15.426782421399908,-35.87799895351291,5.490992272343042
2002-03-20,-31.758769638843656,-15.973566579134246,-35.27584869645717,6.336433358255292
2002-03-21,-31.82156590513665,-16.206710974502165,-34.29609612352567,6.996250578926896
2002-03-22,-32.144891205329564,-17.432507657103436,-34.355336231983365,7.136455664191413
2002-03-23,-34.299978994141135,-17.065421405343717,-36.539161297661224,6.947025313874645
2002-03-24,-34.88984508948957,-16.951299985420462,-36.88564358360792,4.940703950054567
2002-03-25,-33.813020438387795,-16.97016473296295,-36.83838584971978,3.9197707792041596
2002-03-26,-33.48002673181536,-15.505405903037477,-36.95679118569728,6.356432580028837
2002-03-27,-34.186314721380825,-15.508242724493172,-36.5013095709271,5.742329543834632
2002-03-28,-34.75828430355815,-14.787212617730757,-35.11421011917261,5.5535112794122785
2002-03-29,-34.82997579583907,-15.712069590350293,-34.648527498250914,6.276193127314428
2002-03-30,-35.014775035342126,-16.07223443420391,-34.20782975466969,7.700214181882332
2002-03-31,-35.49246089423249,-16.104012522782956,-33.77564270714812,7.467255464439823
2002-04-01,-36.78028291997393,-16.44467980318298,-30.79238670173681,7.85962882596655
2002-04-02,-35.938237342413416,-15.695084777564787,-30.76561371762577,6.784712225823902
2002-04-03,-37.29927647772868,-14.74816751056035,-30.71906610700845,5.748245237976054
2002-04-04,-37.92107553924417,-15.277925202674322,-28.53456730595577,6.692082051689466
2002-04-05,-39.5182245084478,-15.45681826361253,-30.089852060992,4.435038150726163
2002-04-06,-39.51953360317908,-15.886110140765021,-31.722629341276445,6.127248479930662
2002-04-07,-40.58045704752541,-14.421527877370838,-31.978226587084322,6.702402557407342
2002-04-08,-42.47667920502467,-14.649208070590552,-30.978380746291382,7.43454411171857
2002-04-09,-43.51430420098052,-14.380712402586331,-29.68533738069403,6.366963378644062
2002-04-10,-43.87521127814627,-14.101938053416399,-29.853217207301444,8.100481724102261
2002-04-11,-44.57993810032336,-14.778715624994227,-29.785172797821907,8.313339071128054
2002-04-12,-44.368544578354914,-14.125766302793211,-29.37965857839723,10.089452615254892
2002-04-13,-44.436871538362,-14.64660812311375,-28.529615303472806,9.079146966278069
2002-04-14,-43.1460502585623,-13.102512702254417,-28.001932327635334,9.369097896170802
2002-04-15,-40.93326622369436,-14.122389417793165,-27.153288475633886,10.524549535913751
2002-04-16,-40.88625993293709,-14.131554799656119,-28.00520319302434,9.23047984000406
2002-04-17,-41.08181998824045,-12.957891461536551,-26.77948436974245,11.011503444107488
2002-04-18,-41.24237910195056,-13.317707323919505,-26.533174285121607,12.048011821234285
2002-04-19,-41.78633733111977,-15.133667816503117,-27.571534266927397,11.944210727786793
2002-04-20,-39.96372111420534,-14.719415135448111,-25.661123999201184,12.857617663639527
2002-04-21,-40.19454814358604,-16.959220664322864,-25.982216259410837,13.65175048090265
2002-04-22,-39.51884877630926,-16.747392582596518,-25.96594007427087,13.774239343824705
2002-04-23,-41.421431548817765,-16.792589192400182,-25.418001443299687,13.669074269390654
2002-04-24,-39.432955357082776,-16.864098897860547,-24.251824081073664,13.626115339097119
2002-04-25,-40.30035912225886,-17.6823291955803,-23.756573761399864,15.077216269873933
2002-04-26,-39.57561785018452,-18.81171013335759,-22.584638638527863,13.570470345737224
2002-04-27,-38.97159523845046,-18.349943847816068,-21.917378159049722,15.676389170857906
2002-04-28,-38.676702827369105,-17.066584470133076,-23.41131686066184,16.40590223731529
2002-04-29,-38.630019490694785,-18.268248363307862,-22.829762108341026,17.288781858271058
2002-04-30,-39.39911422374386,-18.69199395158413,-23.834319481932223,17.597879592176902
2002-05-01,-39.980494425696556,-16.92033383967527,-24.54095851617267,18.409265340975434
2002-05-02,-39.36753705706238,-15.977939476473264,-24.649897652468756,17.124436994809393
2002-05-03,-41.15541273583354,-16.41048755155871,-23.868523147757976,17.337271832326962
2002-05-04,-42.168675120820154,-15.803397051792915,-22.706916177917257,18.84142253961152
2002-05-05,-42.448385948250476,-14.198439151880724,-24.50461653827903,17.95931162491826
2002-05-06,-43.03799408885665,-13.886127302840809,-23.952605111192593,18.511074407981152
2002-05-07,-41.278250251511444,-13.06152090056436,-23.94810241081637,18.03999091143901
2002-05-08,-39.32712192332383,-13.497254594341335,-22.69095290989665,17.954389749321976
2002-05-09,-38.64812979953934,-12.234581023389195,-22.969606033367004,17.255752395608887
2002-05-10,-38.74217666544606,-12.0422172361724,-22.711518558596957,16.611643143852323
2002-05-11,-40.58696624674837,-11.368500476515237,-23.96611179202843,16.272749856330847
2002-05-12,-39.26548474487207,-10.616199442939045,-24.051427708507717,15.595223305889114
2002-05-13,-38.34915172614778,-11.611749392537432,-24.51529881052767,15.067740673008533
2002-05-14,-37.618489570123465,-10.825489326932066,-24.6954998716201,14.582803900255685
2002-05-15,-37.07029901249974,-11.673798331004399,-23.14175528347253,15.04607853983776
2002-05-16,-36.775160038819095,-13.032552475629155,-23.88034764595589,14.887912067986935
2002-05-17,-36.23011458347882,-12.8062499338334,-24.77605857430192,15.933742919046365
2002-05-18,-37.49940727897594,-13.518922058426574,-24.272519680934217,14.408684900759834
2002-05-19,-39.12968085110772,-14.101084875889354,-23.83071134388064,12.60774589152032
2002-05-20,-38.33745803950239,-14.378541676698282,-22.429583602269698,11.90939302347317
2002-05-21,-39.623510112531214,-13.773508258657676,-23.6811050926893,12.351430855301754
2002-05-22,-39.472244870163145,-13.611564339942431,-21.45909742608108,11.813115229310108
2002-05-23,-38.43168641587357,-13.312770144739622,-21.830893266572332,10.867909253902358
2002-05-24,-39.53890757117841,-12.898112631968665,-23.014214388830652,11.435958892990152
2002-05-25,-40.225910002389845,-14.030614243334554,-23.621836263236958,11.193803413478147
2002-05-26,-41.2024564117517,-13.591293832426832,-22.213033734275978,9.167998887156664
2002-05-27,-41.92299709828695,-13.569656581697725,-23.382544363304987,7.724882953049205
2002-05-28,-40.04293147051624,-16.092802060045493,-23.259634389038848,7.882594104702648
2002-05-29,-41.81583976592268,-18.182370898394982,-23.17137579581675,6.0810446546868455
2002-05-30,-41.8485581264014,-18.030678123940547,-24.416427646248458,6.575302958636502
2002-05-31,-41.146293996980255,-18.574034731749407,-23.558298972720983,4.95770782851392
2002-06-01,-40.40663171812231,-18.192961423714227,-24.35387148389408,4.943941505272295
2002-06-02,-41.01005808628983,-17.302707628199226,-24.779345587899144,5.362031609583916
2002-06-03,-41.9964429526719,-18.206185576035907,-25.407002309203264,5.633918542074536
2002-06-04,-43.116578882741806,-16.78048952390574,-27.11209585140033,4.541858108882239
2002-06-05,-40.70388260995247,-16.689034422511757,-26.287711830382737,4.652746458477738
2002-06-06,-42.000826943304716,-14.114513788230763,-25.956809183341928,5.132104729831676
2002-06-07,-41.64990805309849,-14.676946431682023,-25.756355592987646,5.658259202723987
2002-06-08,-42.230334752314214,-14.33170623133996,-26.10357418167663,3.375984434578961
2002-06-09,-41.79685942043726,-12.68062104527636,-25.38238397546975,2.080661749139138
2002-06-10,-42.109567892424806,-13.640898596193143,-25.889652411404242,0.8169611171200062
2002-06-11,-42.33410260724822,-13.27784570500228,-25.592114623343797,2.0240586257026747
2002-06-12,-43.500788723965236,-12.396067935341565,-23.62075268656109,0.945707141352615
2002-06-13,-42.75254558759922,-13.872174724033831,-23.84755417964632,1.2417079025485978
2002-06-14,-43.2779607226673,-14.242499047943035,-23.40885227242395,1.7311146374181674
2002-06-15,-44.194738979887866,-15.840308220468641,-23.242487933556053,0.7578252560807103
2002-06-16,-43.227651524457244,-16.47951597748059,-23.222355687876735,1.1388360327686187
2002-06-17,-43.061764222968364,-15.553941458552565,-24.10251614399185,3.493994989825633
2002-06-18,-44.15983555897518,-15.165218976321427,-25.10609948580115,4.051750573703834
2002-06-19,-45.61232113717387,-12.979861821761993,-27.121016072178126,3.935157583230856
2002-06-20,-46.20149663883399,-12.890646100958074,-27.371708989504302,3.6091822309475488
2002-06-21,-45.97810149181872,-13.178090726607621,-28.506317729181877,2.9485393018431627
2002-06-22,-45.637326786708655,-12.870865171537275,-29.27186020409779,0.2503824033218689
2002-06-23,-45.67885448340266,-13.194018688120387,-29.451441953470557,-0.45471877374790226
2002-06-24,-45.12330109120562,-13.126930058706675,-28.876231294019092,-1.3938823562293456
2002-06-25,-45.42799900503999,-10.660602122500382,-28.01299057282831,-2.40252951160676
2002-06-26,-46.19410493110997,-11.500958953258648,-29.949595743187857,-3.5149659374331756
2002-06-27,-45.21721238308956,-10.430989872283655,-29.188798372394842,-4.940483665241102
2002-06-28,-43.966084974902,-7.891001489691057,-28.495423908943156,-5.556435599814652
2002-06-29,-44.148112803136726,-7.846413367940357,-27.348198734962004,-5.272786161041231
2002-06-30,-44.555906060415545,-8.564282733071327,-28.292567211655783,-3.936655309231892
2002-07-01,-44.337144204857324,-8.524045313226734,-30.135915046986195,-4.085251023857797
2002-07-02,-45.143024040629705,-8.351387075886986,-29.466138577789394,-2.9805006553325404
2002-07-03,-45.33037552526075,-7.509662186124814,-29.890262073365594,-2.3446337742293744
2002-07-04,-43.975097685721465,-9.558131879344748,-30.08274076060265,-3.9523823773283557
2002-07-05,-45.432493160316724,-8.158475322248318,-29.314137644568177,-3.0595090779544893
2002-07-06,-44.8920851883454,-8.853569787765727,-27.907282714511503,-2.228924552860502
2002-07-07,-44.692855245525756,-7.573086891261818,-27.255385284805527,-1.702607653464757
2002-07-08,-43.30313383634169,-5.694173667822363,-27.32915370332546,-1.9681068093665444
2002-07-09,-43.47196224131314,-6.091019820508173,-25.824000531739284,-3.454788917873957
2002-07-10,-43.31219752222866,-7.272149284895531,-26.346941588378794,-4.610456866313998
2002-07-11,-44.10973326163285,-7.1924504349505325,-26.645929714562705,-5.4826123063946826
2002-07-12,-45.344355538584395,-7.367129762395296,-27.658632743830637,-4.781012191531742
2002-07-13,-44.20507725593328,-8.028358020342182,-27.743367233645085,-3.5921454144226628
2002-07-14,-43.48924787286195,-9.693567551531931,-27.75571339401748,-3.1077477559470723
2002-07-15,-42.73862989039311,-7.995459215348951,-27.492695060004536,-3.316578091607217
2002-07-16,-44.4837347283743,-6.9937219412112235,-27.0694133373852,-2.6280392321993284
2002-07-17,-43.80101753451053,-6.907174103806081,-27.71654472138012,-3.646041688375399
2002-07-18,-45.04975125891754,-7.152376792767121,-28.43346219646789,-2.8885772837696417
2002-07-19,-45.00456532363001,-7.17306639686416,-28.349770658918377,-2.070744907771818
2002-07-20,-45.7254619040595,-7.733795238068219,-27.024524288767307,-0.2884139709754505
2002-07-21,-46.44198268419867,-8.656803114556947,-26.36523227528416,-1.3664459199975365
2002-07-22,-45.57742911416097,-9.570678085379,-24.59175557632775,0.35659245737919587
2002-07-23,-45.34200073707471,-8.021608702499506,-23.703370090655945,0.9267122704994009
2002-07-24,-45.96793377882945,-8.019414403510922,-24.033266843926892,0.3245080225100684
2002-07-25,-46.1603609337644,-9.607924494297368,-25.41497819975675,-0.8589190649432107
2002-07-26,-46.13338208551123,-10.436842195929996,-25.07316800635387,0.7375583986435968
2002-07-27,-46.61335318405068,-10.405536744476978,-24.428042347198634,-2.9169169487684505
2002-07-28,-46.02920942940915,-11.476937599532835,-23.10583780578804,-4.03436970622901
2002-07-29,-45.25024430241085,-12.640141476438481,-24.863524363956948,-2.6321026066822872
2002-07-30,-46.99355981171154,-11.145065349993041,-25.061444723261825,-2.600261287753892
2002-07-31,-47.5866517185674,-10.523735815940942,-26.067917668569397,-2.393316189778895
2002-08-01,-46.15986254380481,-11.106848413627997,-24.68759855324124,-2.7086539713676316
2002-08-02,-46.198762101926775,-11.152007387580333,-25.195636420428947,-4.2370318031541485
2002-08-03,-45.15681162244396,-12.845908210828615,-24.528115599891073,-3.6493858590541786
2002-08-04,-46.56576914283104,-13.27466854324994,-24.268894913181192,-4.900962328636082
2002-08-05,-47.33235696668967,-11.46887060418383,-25.107438063429747,-4.243391478922897
2002-08-06,-46.31204795827671,-11.2523141385366,-23.387124038647592,-4.304309240526663
2002-08-07,-46.81127895234388,-12.692507681031897,-23.273313188812125,-2.562174198056307
2002-08-08,-45.61920572290581,-12.238574739349414,-22.7162288253992,-2.7958812673887605
2002-08-09,-47.02873796001994,-13.624299573901654,-21.817549468569382,-1.2378529355100747
2002-08-10,-45.33695935648649,-12.4083995345254,-20.810014555676734,-0.8895107681551694
2002-08-11,-46.697233924934885,-12.060407582849216,-19.889569318803282,-0.33929946077557605
2002-08-12,-45.617051052485756,-11.366730553914772,-20.831419648754284,1.2453779881140417
2002-08-13,-45.27383597787327,-11.698824683666189,-22.126305970638555,1.555666310449587
2002-08-14,-45.74243115141109,-11.276961733058808,-23.49015430280436,1.659047277091528
2002-08-15,-46.43341168503569,-10.011857995653859,-23.794350553498507,0.6306816301546267
2002-08-16,-47.047616486010604,-8.283241608466522,-25.190918338447222,1.033135930487657
2002-08-17,-46.23789319403059,-7.926775564755035,-24.311536473270035,0.013680548926281233
2002-08-18,-45.58578827768142,-8.398159676731026,-23.117705190999104,0.9094554659383263
2002-08-19,-45.40094216453425,-9.391095045459254,-24.06312671051754,0.09619269327497504
2002-08-20,-47.80547438292357,-9.19937001396042,-24.695676643196638,-0.37518433820028485
2002-08-21,-48.17105107414995,-9.717933606154698,-22.71288439738961,-1.1359591721531603
2002-08-22,-50.07532763470444,-9.259511260407843,-21.138902924642075,-2.2079976990282706
2002-08-23,-50.097295464415204,-9.223546081897547,-22.150041652312055,-3.4241629104720848
2002-08-24,-49.073441549782856,-8.741936737223268,-20.464757211028815,-4.192093843167866
2002-08-25,-50.040045518587874,-9.232009742531451,-22.108477171663846,-4.800407423117294
2002-08-26,-51.217027937964204,-10.073721336236407,-21.017392821793397,-3.312472874348926
2002-08-27,-51.68215192248606,-10.349189989001099,-19.716046980189684,-4.104661411839885
2002-08-28,-52.66576805960001,-10.866104858656348,-20.53681584569897,-3.6960060584865007
2002-08-29,-51.92094066730364,-9.68060343354136,-18.852137993864478,-3.708693994130036
2002-08-30,-53.27575596437925,-10.817373252545408,-17.770792976015844,-4.348662222199364
2002-08-31,-52.777321534559704,-11.997826257122009,-18.24149037715095,-5.570810884998205
2002-09-01,-53.35265560664415,-12.150255715111106,-17.414286784907933,-5.876585112977083
2002-09-02,-54.11983324841792,-11.446610204366465,-15.50795273159438,-5.832369747564451
2002-09-03,-53.9365834944658,-12.980755377302874,-16.136916787368236,-7.559031501702217
2002-09-04,-54.28681652859275,-13.727988769306597,-15.78239111576233,-8.257816517493056
2002-09-05,-53.375256490339574,-13.653508093125211,-14.945282807158309,-6.252801070225255
2002-09-06,-52.03696036381716,-14.484993148402623,-15.724204040656337,-7.932391418349345
2002-09-07,-50.59174431135486,-14.161673774224662,-15.918884470983185,-7.505677699639459
2002-09-08,-50.36598582176624,-15.354126528201045,-15.804776981739092,-7.539841404373657
2002-09-09,-51.30133426928612,-14.622447442153458,-15.894641727631665,-8.000545584140587
2002-09-10,-51.52395472212518,-14.696413510678454,-14.067606132228478,-9.806780135273254
2002-09-11,-52.95492528933773,-15.194808660394347,-13.360847565211785,-8.719815328209096
2002-09-12,-52.06105243824718,-14.551874478575,-14.511347370224527,-8.579158315609726
2002-09-13,-52.2506060414487,-14.154073288004978,-15.86913837028435,-9.179308668319994
2002-09-14,-54.35246283691999,-14.121571899008462,-15.456838254672482,-10.307636527444497
2002-09-15,-53.8318196903033,-16.105097325595132,-15.694116968537228,-10.76573339190054
2002-09-16,-53.70897308432829,-16.39384695603188,-15.973260414052389,-11.242636910980714
2002-09-17,-54.11850245653138,-16.654881511618704,-14.45607540002612,-11.062757752412292
2002-09-18,-55.33147717646835,-16.948338094825047,-13.582703043871712,-10.286867195790037
2002-09-19,-56.574136802349386,-16.37421741907455,-14.16994373791176,-9.630787250772512
2002-09-20,-55.94849194411439,-16.99608388075559,-14.568487670749034,-8.504254069102252
2002-09-21,-56.86699784606805,-17.17747038304228,-12.82306672787315,-8.313229841736206
2002-09-22,-56.69607010512248,-15.321898498256463,-12.60567895426501,-9.441182566454223
2002-09-23,-56.63349578875584,-13.564785387468302,-12.505381947455698,-10.705262476306979
2002-09-24,-56.73633991419494,-13.235834191948216,-9.908354036864448,-10.143683109335305
2002-09-25,-55.050005069539694,-13.054665501443989,-12.116459167509115,-11.276970713315722
2002-09-26,-55.83413675177567,-11.540761868859477,-12.38181933019437,-8.975086394959105
